Class,x0,x1,x2,x3,x4,x5,x6,x7,x8,x9,x10,x11,x12,x13,x14,x15,x16,x17,x18,x19,x20,y0,y1,y2,y3,y4,y5,y6,y7,y8,y9,y10,y11,y12,y13,y14,y15,y16,y17,y18,y19,y20
peace,0.7289056181907654,0.9298807978630066,0.653917133808136,0.9046846032142639,0.5964003205299377,0.8412928581237793,0.626485288143158,0.7869702577590942,0.6884645819664001,0.7561696767807007,0.6037357449531555,0.6609640121459961,0.5608190298080444,0.5483248829841614,0.5349281430244446,0.4760810136795044,0.5136394500732422,0.40945783257484436,0.6627310514450073,0.6349695324897766,0.6484314799308777,0.4985724091529846,0.6431773900985718,0.4043281376361847,0.6404232978820801,0.31998661160469055,0.7189356088638306,0.6489988565444946,0.7304377555847168,0.6492089629173279,0.7203640341758728,0.7454794645309448,0.7118273377418518,0.817038893699646,0.7679769396781921,0.6875924468040466,0.7742770910263062,0.7106542587280273,0.7563577890396118,0.7845615148544312,0.7386335730552673,0.8428592681884766
peace,0.8368425369262695,0.5026914477348328,0.8073207139968872,0.5804901719093323,0.7565326690673828,0.6277074813842773,0.7263975739479065,0.5797083973884583,0.7256020307540894,0.5111438632011414,0.6506248116493225,0.5433223247528076,0.5538541078567505,0.5500821471214294,0.49248605966567993,0.558876097202301,0.43585148453712463,0.5636160373687744,0.6508601903915405,0.45957350730895996,0.5531858205795288,0.4239196181297302,0.4865921139717102,0.3941880762577057,0.42388224601745605,0.3662111759185791,0.6761404275894165,0.39520972967147827,0.6844245195388794,0.3687480092048645,0.7476027011871338,0.4044782817363739,0.7916867733001709,0.4364652931690216,0.7147727608680725,0.34672802686691284,0.7342011332511902,0.3249950706958771,0.779344379901886,0.35866376757621765,0.8111794590950012,0.3937332332134247
thumbsUp,0.6495632529258728,0.6625041961669922,0.6101721525192261,0.566362202167511,0.5772150754928589,0.4739871323108673,0.5545781850814819,0.4046776592731476,0.5472713112831116,0.34504473209381104,0.6215121150016785,0.4931473433971405,0.5366305708885193,0.48977214097976685,0.5405312776565552,0.5158759355545044,0.5648980736732483,0.5228725671768188,0.6268569231033325,0.5657202005386353,0.5256470441818237,0.5559988617897034,0.5321348905563354,0.5678843259811401,0.5612383484840393,0.5713117122650146,0.6229170560836792,0.630656361579895,0.5267462134361267,0.6190906167030334,0.5359047651290894,0.6283671855926514,0.566458523273468,0.6318641304969788,0.6124361753463745,0.684515655040741,0.5347110033035278,0.6752856969833374,0.5456468462944031,0.6783519983291626,0.5747444033622742,0.6802023649215698
swag,0.763886570930481,0.7062010765075684,0.6826287508010864,0.7286650538444519,0.5856823921203613,0.6970810890197754,0.5171800255775452,0.6566464900970459,0.45581716299057007,0.6332177519798279,0.5695240497589111,0.5543757677078247,0.5089606046676636,0.4484815001487732,0.47730332612991333,0.3821106553077698,0.4483252167701721,0.3230973482131958,0.6196169853210449,0.5190665125846863,0.6045340895652771,0.4981919527053833,0.6509144902229309,0.5875684022903442,0.6802632808685303,0.6410161256790161,0.6750974655151367,0.502029538154602,0.6648017764091492,0.4819038212299347,0.6984108686447144,0.5690921545028687,0.7138459086418152,0.619007408618927,0.7334425449371338,0.4931262731552124,0.7073793411254883,0.431593120098114,0.7016003727912903,0.4335296154022217,0.6909388303756714,0.420218825340271
swag,0.7454936504364014,0.7079137563705444,0.6590253114700317,0.7117844820022583,0.573293149471283,0.66890549659729,0.5168247818946838,0.6312568187713623,0.4676284193992615,0.5943979024887085,0.5822423696517944,0.5013837218284607,0.544535756111145,0.3888018727302551,0.5279139280319214,0.32354316115379333,0.5120692849159241,0.26290082931518555,0.6312470436096191,0.48601004481315613,0.6200264692306519,0.46365460753440857,0.6455599069595337,0.5472381114959717,0.6612274646759033,0.6001421213150024,0.683620810508728,0.48078015446662903,0.6741135120391846,0.45955291390419006,0.695067286491394,0.5438175201416016,0.7049747109413147,0.5991073846817017,0.7370860576629639,0.4781288802623749,0.7210422158241272,0.37671568989753723,0.7152836322784424,0.3147028982639313,0.7031868696212769,0.25121867656707764
swag,0.8810308575630188,0.6435205340385437,0.869677722454071,0.5271425247192383,0.8215307593345642,0.41178059577941895,0.7758964896202087,0.3271612524986267,0.782709002494812,0.24150899052619934,0.7212352156639099,0.4173401892185211,0.6188506484031677,0.3563767075538635,0.5484411120414734,0.3178805112838745,0.494698703289032,0.2907845377922058,0.692741870880127,0.4789098799228668,0.6215444207191467,0.5112530589103699,0.6676461696624756,0.5451751947402954,0.7039282321929932,0.5472020506858826,0.6821423172950745,0.5558069348335266,0.6177704930305481,0.5940195918083191,0.6550998687744141,0.6145041584968567,0.6968988180160522,0.6102149486541748,0.6775493025779724,0.641233503818512,0.589814305305481,0.6244245171546936,0.5353085994720459,0.6374804973602295,0.4893815517425537,0.6413787603378296
peace,0.7526347041130066,0.7557075619697571,0.6956694722175598,0.7703716158866882,0.6308836340904236,0.7443874478340149,0.6307054162025452,0.6971262693405151,0.6730432510375977,0.6578415632247925,0.6182211637496948,0.6037226915359497,0.5646390914916992,0.5125948190689087,0.5343124866485596,0.45405474305152893,0.5086209177970886,0.39515700936317444,0.6618120074272156,0.5535550713539124,0.6442354321479797,0.42069151997566223,0.6428511142730713,0.33136627078056335,0.6386424899101257,0.24915248155593872,0.7047678828239441,0.540217936038971,0.6942254900932312,0.4933375120162964,0.6695042848587036,0.4703972637653351,0.6447786688804626,0.43613505363464355,0.7512298226356506,0.5516900420188904,0.7659390568733215,0.5783995389938354,0.7564873695373535,0.6413336396217346,0.7453476786613464,0.6854367852210999
peace,0.7759883403778076,0.9173761010169983,0.7032170295715332,0.8968689441680908,0.6409056782722473,0.8333488702774048,0.6726742386817932,0.7760431170463562,0.7394794225692749,0.7445539832115173,0.6308780908584595,0.6519683003425598,0.5740217566490173,0.5383297204971313,0.5446122288703918,0.4637424051761627,0.5205329656600952,0.39829498529434204,0.6924639344215393,0.6264650225639343,0.6796232461929321,0.4618312120437622,0.6761245131492615,0.3587861955165863,0.6717377305030823,0.26689502596855164,0.7466036081314087,0.6457914710044861,0.7348679304122925,0.5485848188400269,0.7157294154167175,0.4687556326389313,0.7009650468826294,0.38948631286621094,0.7936843037605286,0.6955766081809998,0.781499445438385,0.7004987597465515,0.7629527449607849,0.755598783493042,0.7522389888763428,0.8022757768630981
swag,0.7598475217819214,0.7531484961509705,0.6814050674438477,0.7596073746681213,0.6063172221183777,0.7184789776802063,0.5529211759567261,0.6752241849899292,0.5007393956184387,0.6440695524215698,0.6248793601989746,0.5778933167457581,0.6000993251800537,0.47462019324302673,0.5820841789245605,0.40339285135269165,0.5670803189277649,0.34031814336776733,0.6687031388282776,0.5520938038825989,0.683388352394104,0.5584673285484314,0.7052209377288818,0.6450498104095459,0.7176217436790466,0.6948798894882202,0.7169666886329651,0.5472341179847717,0.7351201772689819,0.5587265491485596,0.7495421171188354,0.6397799253463745,0.7537848353385925,0.6919199228286743,0.76582270860672,0.5481643676757812,0.7583419680595398,0.4625888466835022,0.7555351853370667,0.40537354350090027,0.7496446371078491,0.352073609828949
peace,0.7847626805305481,0.4198576807975769,0.7548856139183044,0.4686289429664612,0.7139658331871033,0.48687228560447693,0.6884413361549377,0.4400615394115448,0.6694547533988953,0.3877490162849426,0.6062742471694946,0.47049856185913086,0.524259090423584,0.492351233959198,0.4711572825908661,0.5069411993026733,0.4245060086250305,0.5155296325683594,0.6051759719848633,0.40292787551879883,0.5175275206565857,0.3857428729534149,0.45794111490249634,0.36539342999458313,0.4072379767894745,0.34544363617897034,0.6265137791633606,0.34759363532066345,0.6278077363967896,0.32960808277130127,0.67794269323349,0.3599979877471924,0.7141209244728088,0.3854585587978363,0.6594445705413818,0.305512011051178,0.6735250949859619,0.28981178998947144,0.7130210399627686,0.3228665590286255,0.7413938641548157,0.35193300247192383
thumbsup,0.7838490009307861,0.5995070934295654,0.7292943000793457,0.503473699092865,0.6604618430137634,0.430197149515152,0.6209522485733032,0.3620510697364807,0.6173135638237,0.29492342472076416,0.5694301128387451,0.48671016097068787,0.5053766965866089,0.538698136806488,0.5304593443870544,0.5555582642555237,0.5603933930397034,0.542351245880127,0.5730968713760376,0.558475911617279,0.5080080032348633,0.6036723852157593,0.5356529355049133,0.6141724586486816,0.5672197341918945,0.5975322723388672,0.5880604386329651,0.6282714605331421,0.5282300710678101,0.6672062277793884,0.5560160279273987,0.6733922362327576,0.5874223113059998,0.6565230488777161,0.6103873252868652,0.6918162107467651,0.5543428659439087,0.7181391716003418,0.5769957304000854,0.719228982925415,0.6046451330184937,0.7040876150131226
Hello,0.7132056951522827,0.9006133079528809,0.6281603574752808,0.861895740032196,0.5669211149215698,0.7825028896331787,0.5323997139930725,0.7047372460365295,0.4933873414993286,0.6438131332397461,0.6016293168067932,0.6263542175292969,0.5578298568725586,0.5241355895996094,0.5296477675437927,0.461405485868454,0.5088903903961182,0.40606003999710083,0.6563962697982788,0.6065378189086914,0.6323297023773193,0.4768214225769043,0.62010258436203,0.3990304470062256,0.6118022799491882,0.33617255091667175,0.7117727398872375,0.6158930659294128,0.7051494717597961,0.49194830656051636,0.7008373737335205,0.41104042530059814,0.694881021976471,0.33846795558929443,0.7694002389907837,0.64915531873703,0.7871881127357483,0.5592319369316101,0.7986428737640381,0.49878400564193726,0.8060299158096313,0.44110462069511414
hello,0.7797421813011169,0.5302721858024597,0.6996659636497498,0.5447725057601929,0.6229951977729797,0.5259947180747986,0.5694281458854675,0.4916483759880066,0.5243608951568604,0.4602679908275604,0.6024735569953918,0.4029538631439209,0.5387008786201477,0.35386478900909424,0.5018811225891113,0.32164496183395386,0.47261834144592285,0.28715959191322327,0.6314338445663452,0.3550032079219818,0.5714312195777893,0.2843949794769287,0.5373000502586365,0.23813556134700775,0.5101505517959595,0.1970822960138321,0.6707972884178162,0.3251817524433136,0.6216097474098206,0.25199073553085327,0.5934598445892334,0.20766569674015045,0.5682080984115601,0.16946035623550415,0.7195463180541992,0.3099261522293091,0.6976613998413086,0.24361984431743622,0.6827812194824219,0.1993427723646164,0.6677232980728149,0.15916962921619415
hello,0.7778041958808899,0.5624285340309143,0.6970675587654114,0.6078782677650452,0.6164137721061707,0.6189860701560974,0.5558459162712097,0.5994369387626648,0.5076268911361694,0.5744072794914246,0.5767757892608643,0.4961397647857666,0.506672739982605,0.4682425558567047,0.46458449959754944,0.4507598876953125,0.4277038872241974,0.4299085736274719,0.5948700904846191,0.4373919367790222,0.5233232378959656,0.38586118817329407,0.4808768630027771,0.35402238368988037,0.44332119822502136,0.3255113959312439,0.6249263286590576,0.39373594522476196,0.5620996356010437,0.3401813507080078,0.5215314626693726,0.30904674530029297,0.4832691550254822,0.28288888931274414,0.666201651096344,0.36239001154899597,0.6249628067016602,0.3097020089626312,0.5973109602928162,0.27495166659355164,0.569221019744873,0.24450869858264923
swag,0.6354233026504517,0.5393888354301453,0.5767558813095093,0.5646330118179321,0.5073079466819763,0.5526543855667114,0.45880743861198425,0.5359779000282288,0.41580578684806824,0.5262684226036072,0.4829370081424713,0.4465932548046112,0.42790135741233826,0.3928768038749695,0.395188570022583,0.36360853910446167,0.36610060930252075,0.33412250876426697,0.511135995388031,0.41605257987976074,0.48806998133659363,0.40091434121131897,0.5248643755912781,0.45313501358032227,0.5543246865272522,0.4860517382621765,0.5439667701721191,0.39398467540740967,0.525056004524231,0.37692925333976746,0.5556513667106628,0.4339434802532196,0.5787551999092102,0.4713785946369171,0.5797251462936401,0.3759474456310272,0.5577368140220642,0.309609591960907,0.5451382994651794,0.2640850245952606,0.5313459038734436,0.21751490235328674
hello,0.7283034920692444,0.5138753056526184,0.6726686358451843,0.48194658756256104,0.6021962761878967,0.452504426240921,0.5615664124488831,0.41246044635772705,0.5408598184585571,0.3604443073272705,0.5912806391716003,0.44908690452575684,0.5371735095977783,0.5432378053665161,0.5602585077285767,0.5466440916061401,0.580579936504364,0.5206978917121887,0.6233924627304077,0.48404085636138916,0.5633508563041687,0.587678074836731,0.5861139893531799,0.5767863988876343,0.6086284518241882,0.5454257130622864,0.6581916213035583,0.5238403677940369,0.6024855375289917,0.6153519153594971,0.6233241558074951,0.6020054221153259,0.6438512206077576,0.5707187652587891,0.6913148760795593,0.5638241767883301,0.6433834433555603,0.6309165954589844,0.6592242121696472,0.6162697076797485,0.6785762906074524,0.5867887735366821
thumbsup,0.817569375038147,0.8206691145896912,0.7496976256370544,0.6831945776939392,0.6592801809310913,0.5610681772232056,0.6254630088806152,0.4480760097503662,0.644705057144165,0.34056398272514343,0.6070918440818787,0.599198579788208,0.46249115467071533,0.6391816139221191,0.5008120536804199,0.6638138890266418,0.5555100440979004,0.6550732254981995,0.6152575016021729,0.7026636004447937,0.4727157652378082,0.7384175062179565,0.5170730352401733,0.7504982352256775,0.570243775844574,0.7393251657485962,0.6288956999778748,0.8050366640090942,0.5031313300132751,0.8273184895515442,0.545921802520752,0.8311249017715454,0.5987382531166077,0.8229314088821411,0.6450762748718262,0.9029567837715149,0.5406279563903809,0.9062790870666504,0.573314905166626,0.9026567935943604,0.619268536567688,0.8985191583633423
thumbsup,0.7256860136985779,0.817960262298584,0.6502995491027832,0.712661862373352,0.6329538226127625,0.556563675403595,0.6527649164199829,0.44157981872558594,0.6727938055992126,0.35072198510169983,0.7489401698112488,0.5149236917495728,0.6564494967460632,0.5929051637649536,0.6364895105361938,0.6491140127182007,0.6527212858200073,0.6513457298278809,0.8014355897903442,0.5726974010467529,0.6932837963104248,0.6697270274162292,0.6709279417991638,0.7049387097358704,0.6812196373939514,0.6993909478187561,0.8347145318984985,0.6443548798561096,0.7308105230331421,0.7360075116157532,0.7030013799667358,0.7625730633735657,0.7070395350456238,0.7568045854568481,0.8563166260719299,0.7162705063819885,0.7728592753410339,0.7749137878417969,0.7391069531440735,0.7981038093566895,0.7321885824203491,0.8011854290962219
thumbsup,0.7395685911178589,0.8412665724754333,0.66648268699646,0.6982263922691345,0.6302061676979065,0.5612363815307617,0.619915783405304,0.45056915283203125,0.628574013710022,0.35484421253204346,0.6800102591514587,0.5334919691085815,0.5360291004180908,0.611855685710907,0.5488435626029968,0.6651446223258972,0.5887489914894104,0.6561994552612305,0.7146421670913696,0.6239855885505676,0.5558281540870667,0.7121642827987671,0.5813772678375244,0.732785165309906,0.6244933605194092,0.7167258262634277,0.7380915284156799,0.7205225229263306,0.588829755783081,0.7929036617279053,0.6138599514961243,0.8007627129554749,0.6583966016769409,0.7854246497154236,0.7516933679580688,0.8120799660682678,0.6356752514839172,0.8600276112556458,0.6549130082130432,0.8571177124977112,0.6979238390922546,0.8412879705429077
thumbsup,0.7749335765838623,0.9042469263076782,0.7071245312690735,0.7472903728485107,0.6689644455909729,0.5967737436294556,0.660007119178772,0.4864659309387207,0.6778764724731445,0.40194350481033325,0.715181827545166,0.5728753209114075,0.6177488565444946,0.6196531653404236,0.6222867965698242,0.6662692427635193,0.6527991890907288,0.666842520236969,0.7412003874778748,0.6623123288154602,0.6074367761611938,0.7211938500404358,0.6284902095794678,0.7455520629882812,0.6729891300201416,0.7389774918556213,0.7554898858070374,0.7551881074905396,0.6241448521614075,0.7990501523017883,0.6457651853561401,0.8189677000045776,0.6887252330780029,0.8107355237007141,0.759111762046814,0.8418581485748291,0.6578002572059631,0.8751468062400818,0.6727996468544006,0.8882142901420593,0.7102727890014648,0.8803623914718628
thumbsup,0.6906703114509583,0.807465672492981,0.6288036108016968,0.7084944248199463,0.5537477731704712,0.5913520455360413,0.530343770980835,0.49358129501342773,0.5439601540565491,0.4009486734867096,0.5687263607978821,0.6033136248588562,0.4246963560581207,0.6633673906326294,0.4608900547027588,0.6836782693862915,0.509335458278656,0.6701318025588989,0.5912073850631714,0.6921708583831787,0.4357300102710724,0.7617009282112122,0.47844669222831726,0.7709487080574036,0.529619574546814,0.757401704788208,0.6110012531280518,0.7857533693313599,0.4716755449771881,0.8359078168869019,0.5107903480529785,0.8379892706871033,0.5598160028457642,0.8247771263122559,0.6266803741455078,0.8716641664505005,0.5179417729377747,0.8999009132385254,0.5500028133392334,0.8927528858184814,0.593139111995697,0.8818997144699097
thumbsup,0.6061886548995972,0.8542167544364929,0.563105583190918,0.748689591884613,0.5469260215759277,0.6225454211235046,0.5477343201637268,0.5273402333259583,0.5487586855888367,0.4422130584716797,0.6379002332687378,0.627949059009552,0.5238449573516846,0.6618493795394897,0.5075886249542236,0.6996603608131409,0.521684467792511,0.7146230340003967,0.6647352576255798,0.6971465349197388,0.5264223217964172,0.7445582747459412,0.5248928070068359,0.7712885737419128,0.5477958917617798,0.7787523865699768,0.6748405694961548,0.7737315893173218,0.547397255897522,0.8162969946861267,0.5512586236000061,0.8341962099075317,0.5747082233428955,0.8398041725158691,0.6725011467933655,0.8472326993942261,0.5768078565597534,0.8808079957962036,0.5784842371940613,0.8951118588447571,0.6034924983978271,0.9006315469741821
thumbsup,0.7967058420181274,0.8198541402816772,0.7636568546295166,0.6793027520179749,0.7051642537117004,0.5638181567192078,0.6600819826126099,0.47058814764022827,0.6540303230285645,0.38291582465171814,0.626520574092865,0.5940340757369995,0.5120607018470764,0.5623729228973389,0.5380414128303528,0.5835193991661072,0.5818097591400146,0.6004082560539246,0.6054956912994385,0.6828256845474243,0.49032071232795715,0.6430095434188843,0.5195449590682983,0.6533209085464478,0.5606974363327026,0.6688545942306519,0.5965108871459961,0.7694746255874634,0.49403464794158936,0.7270283699035645,0.5241007804870605,0.7310544848442078,0.5636663436889648,0.7453442811965942,0.5962450504302979,0.8476263284683228,0.5135188102722168,0.8035421967506409,0.5391385555267334,0.8001337647438049,0.5716363191604614,0.8096954226493835
perfect,0.2684449553489685,0.767711341381073,0.3561503291130066,0.7268872857093811,0.4359649121761322,0.6670985221862793,0.500758171081543,0.6323360204696655,0.5509040355682373,0.5884303450584412,0.4049528241157532,0.5039094090461731,0.4739149510860443,0.45470714569091797,0.49963948130607605,0.5062975287437439,0.5087872743606567,0.5629668235778809,0.3722158670425415,0.47067490220069885,0.4273601472377777,0.36378729343414307,0.4786734879016876,0.3128696084022522,0.5255846977233887,0.2758764922618866,0.32843276858329773,0.4684094786643982,0.3668779730796814,0.3518639802932739,0.41371315717697144,0.294130802154541,0.46102476119995117,0.2497556209564209,0.2806822657585144,0.49195370078086853,0.2953781485557556,0.3925623297691345,0.32249385118484497,0.33008384704589844,0.3571965992450714,0.27795588970184326
perfect,0.721592128276825,0.7487733960151672,0.6494671106338501,0.713002622127533,0.5909841656684875,0.6527217626571655,0.5414013266563416,0.6169898509979248,0.5012713670730591,0.5760875344276428,0.6244928240776062,0.5110955834388733,0.5738539695739746,0.4678615927696228,0.5401002168655396,0.4985194206237793,0.5234681367874146,0.5380345582962036,0.6486556529998779,0.48386889696121216,0.6120560169219971,0.37955978512763977,0.570324182510376,0.3286557197570801,0.5316125154495239,0.289779394865036,0.6862714290618896,0.4833121597766876,0.6676344871520996,0.36604219675064087,0.6437840461730957,0.2957611083984375,0.6200570464134216,0.23440274596214294,0.7259814143180847,0.50834721326828,0.7394254803657532,0.4152442216873169,0.7440928220748901,0.34921813011169434,0.7442020177841187,0.28654107451438904
perfect,0.7836189866065979,0.7861272692680359,0.703158438205719,0.7685405015945435,0.6283615827560425,0.7107293605804443,0.5717778205871582,0.6702888011932373,0.5327818393707275,0.6198506355285645,0.6504114866256714,0.5475547909736633,0.5913358926773071,0.5080406069755554,0.5596063137054443,0.542206346988678,0.547418475151062,0.5844154953956604,0.6878878474235535,0.4994928240776062,0.6491689085960388,0.3858024477958679,0.6194632053375244,0.32045692205429077,0.5922797322273254,0.26592203974723816,0.7386770248413086,0.4864329397678375,0.7354081273078918,0.3576797544956207,0.7283895611763,0.27415329217910767,0.717056930065155,0.20063477754592896,0.7934677600860596,0.5094799995422363,0.8290244340896606,0.4042230248451233,0.8579283356666565,0.3317599296569824,0.8811385035514832,0.26733896136283875
perfect,0.7153039574623108,0.802990198135376,0.6389931440353394,0.7709904313087463,0.5766154527664185,0.7017292380332947,0.5275223851203918,0.6491388082504272,0.4946933388710022,0.5865703821182251,0.6209350228309631,0.5513378381729126,0.5722208023071289,0.5048337578773499,0.5386360883712769,0.5220749378204346,0.520220160484314,0.549537181854248,0.6609011888504028,0.5153354406356812,0.6330214142799377,0.3963194489479065,0.6081987619400024,0.33009564876556396,0.585033655166626,0.2759714722633362,0.7119907140731812,0.5146378874778748,0.7117789387702942,0.3845597505569458,0.7069802284240723,0.3034057021141052,0.6983404755592346,0.23060935735702515,0.763225793838501,0.5447119474411011,0.7825765013694763,0.4418836832046509,0.7925028800964355,0.3724648654460907,0.7968594431877136,0.30514106154441833
perfect,0.718254029750824,0.7959760427474976,0.6377716660499573,0.7556158900260925,0.5839227437973022,0.6973280310630798,0.537390410900116,0.6619283556938171,0.5079285502433777,0.6080073118209839,0.6220062375068665,0.5622481107711792,0.5741794109344482,0.5198379755020142,0.5460510849952698,0.5628265738487244,0.5359504222869873,0.6103148460388184,0.6461739540100098,0.5338951945304871,0.6235979199409485,0.4239013195037842,0.5905687212944031,0.37065786123275757,0.5588728785514832,0.32985395193099976,0.6741525530815125,0.5262149572372437,0.6563172340393066,0.4105307459831238,0.636970579624176,0.3390020728111267,0.6201395988464355,0.2836780548095703,0.6975002884864807,0.5355671644210815,0.6730756759643555,0.4386606514453888,0.6554045677185059,0.3790181577205658,0.6403172612190247,0.32918867468833923
hello,0.6872526407241821,0.8153327107429504,0.609595775604248,0.7631978392601013,0.5533143877983093,0.6833068132400513,0.5235501527786255,0.6085184812545776,0.4924871325492859,0.5428006052970886,0.6007608771324158,0.5371342897415161,0.5676034688949585,0.4362553358078003,0.544224739074707,0.37775862216949463,0.5253555178642273,0.32200250029563904,0.653856098651886,0.5226965546607971,0.6393908262252808,0.3987671136856079,0.6281041502952576,0.3242034316062927,0.616966724395752,0.2578822374343872,0.7067478895187378,0.535915732383728,0.703248143196106,0.41909730434417725,0.6968063116073608,0.34648704528808594,0.6869614124298096,0.2806122601032257,0.7602050304412842,0.5710299611091614,0.7731493711471558,0.4764556288719177,0.779552161693573,0.41380441188812256,0.7808719873428345,0.35497480630874634
hello,0.6817963123321533,0.7942415475845337,0.6041243672370911,0.7523888349533081,0.5437818169593811,0.6859844923019409,0.5061075687408447,0.6220421195030212,0.48048919439315796,0.5607675909996033,0.5805732607841492,0.54436856508255,0.5427327156066895,0.4572083353996277,0.5179612636566162,0.4087825417518616,0.4978392720222473,0.35970085859298706,0.6272984743118286,0.5235019326210022,0.6027643084526062,0.41356199979782104,0.5850807428359985,0.348008394241333,0.5670120120048523,0.28578588366508484,0.6766284108161926,0.526185154914856,0.6619356870651245,0.4180949926376343,0.6485175490379333,0.34957218170166016,0.6319565176963806,0.286611944437027,0.7286449670791626,0.5476182699203491,0.7303482890129089,0.45450669527053833,0.7278408408164978,0.39209237694740295,0.7203890085220337,0.33239322900772095
hello,0.7494032382965088,0.7826164364814758,0.675553560256958,0.7356972098350525,0.6186503171920776,0.666340172290802,0.5852699279785156,0.6033985018730164,0.5579293370246887,0.5408661365509033,0.6551438570022583,0.5346015095710754,0.6189453601837158,0.4567522704601288,0.5902621746063232,0.41482001543045044,0.5637267827987671,0.3727771043777466,0.697868287563324,0.5122122764587402,0.6708498001098633,0.4083256721496582,0.6503591537475586,0.34784096479415894,0.6292887330055237,0.2925240099430084,0.7450639009475708,0.5131095051765442,0.7238478660583496,0.41044098138809204,0.7057594656944275,0.3488486111164093,0.6852825284004211,0.2918352782726288,0.7968850135803223,0.5341187715530396,0.7925353050231934,0.4447028338909149,0.788216769695282,0.3871830105781555,0.780012845993042,0.33279159665107727
hello,0.8170615434646606,0.6435173749923706,0.7269958853721619,0.6396284103393555,0.6482639312744141,0.6099913120269775,0.5960723161697388,0.5644462704658508,0.5553246736526489,0.5180666446685791,0.6517395377159119,0.48161032795906067,0.594005286693573,0.417187362909317,0.5613579154014587,0.3789701461791992,0.5335682034492493,0.33690518140792847,0.6864902973175049,0.43590039014816284,0.6327818036079407,0.348977267742157,0.6020792722702026,0.2938411831855774,0.5740411877632141,0.24029557406902313,0.7306888103485107,0.4101065993309021,0.6854454874992371,0.32583701610565186,0.6574879884719849,0.26823124289512634,0.6301019191741943,0.21509504318237305,0.783456027507782,0.398990273475647,0.7551753520965576,0.32256853580474854,0.7383207082748413,0.27243393659591675,0.720066249370575,0.2252296507358551
perfect,0.6183894276618958,0.7821664214134216,0.5996417999267578,0.6850889325141907,0.5938422679901123,0.5923736691474915,0.5819690823554993,0.5231332182884216,0.5941230058670044,0.4648957848548889,0.70110684633255,0.555388867855072,0.6793448328971863,0.47840753197669983,0.6336267590522766,0.47538328170776367,0.5996255874633789,0.49941718578338623,0.7267756462097168,0.5679998397827148,0.7691236138343811,0.4723971486091614,0.7713285088539124,0.40229088068008423,0.7666873335838318,0.34458380937576294,0.7442938685417175,0.6031773090362549,0.8066344857215881,0.5135248303413391,0.8258854150772095,0.4456091821193695,0.8362257480621338,0.386342316865921,0.7456031441688538,0.6465233564376831,0.805243968963623,0.597524106502533,0.8418067693710327,0.5544617176055908,0.8726537227630615,0.5109571218490601
perfect,0.6023430228233337,0.7378238439559937,0.5907543897628784,0.6435721516609192,0.5991989970207214,0.5549247860908508,0.5946005582809448,0.4901166558265686,0.6003378033638,0.4299876391887665,0.7010781764984131,0.527906596660614,0.6926938891410828,0.4437849521636963,0.6579262614250183,0.42120471596717834,0.6280282735824585,0.4256613254547119,0.7249641418457031,0.5358819365501404,0.7628756761550903,0.43547022342681885,0.7602304220199585,0.35677850246429443,0.7505420446395874,0.2933614253997803,0.740592896938324,0.568065345287323,0.8021314144134521,0.48228728771209717,0.8218109607696533,0.4152076244354248,0.8334066867828369,0.3562847971916199,0.7422999143600464,0.6099975109100342,0.8008972406387329,0.5596567988395691,0.8342939615249634,0.5127938985824585,0.8618423342704773,0.4647843837738037
hello,0.8188064694404602,0.6467418670654297,0.7377758026123047,0.6187775135040283,0.6736961603164673,0.5567449331283569,0.6388087272644043,0.5010997653007507,0.6125597953796387,0.45732375979423523,0.6793763637542725,0.42198455333709717,0.6356359124183655,0.34751096367836,0.6016372442245483,0.31828588247299194,0.5659370422363281,0.29696977138519287,0.710534930229187,0.3921697437763214,0.6627414226531982,0.30648231506347656,0.6255725026130676,0.2643028497695923,0.5860279202461243,0.23235203325748444,0.7513214945793152,0.37931910157203674,0.7012525796890259,0.294028639793396,0.6648553013801575,0.2475219964981079,0.626505434513092,0.2102862447500229,0.8015437126159668,0.3804931044578552,0.7623122334480286,0.303947389125824,0.7305228114128113,0.25865405797958374,0.6968228220939636,0.2196153998374939
peace,0.7460810542106628,0.6626373529434204,0.6909661293029785,0.6760870814323425,0.6301034688949585,0.6609680652618408,0.5889201760292053,0.6280404329299927,0.5550845861434937,0.5905138254165649,0.6207796335220337,0.5383679270744324,0.5677114129066467,0.46578705310821533,0.5351777076721191,0.42677736282348633,0.5075527429580688,0.38522887229919434,0.6590536236763,0.4958687722682953,0.6436200737953186,0.3919285833835602,0.6403080821037292,0.31656864285469055,0.6369984745979309,0.24826043844223022,0.7019615173339844,0.4821465313434601,0.7348389625549316,0.5019945502281189,0.7460307478904724,0.5765068531036377,0.7485414743423462,0.6266056299209595,0.745445728302002,0.4879763126373291,0.7726017832756042,0.5189484357833862,0.7792341709136963,0.5831121802330017,0.7767561674118042,0.6314378976821899
hello,0.6794428825378418,0.7443024516105652,0.608875036239624,0.6994169354438782,0.5577560663223267,0.6316458582878113,0.5351262092590332,0.5645556449890137,0.5275022983551025,0.5033387541770935,0.6052839756011963,0.5197790265083313,0.5789708495140076,0.4334229826927185,0.5605835914611816,0.3822101354598999,0.5468708276748657,0.33414608240127563,0.6484827995300293,0.5034966468811035,0.637457549571991,0.3980686068534851,0.6285622119903564,0.33278539776802063,0.6207169890403748,0.27531540393829346,0.6926665902137756,0.509240448474884,0.6933541893959045,0.4052557349205017,0.6912190914154053,0.3375002145767212,0.6869816780090332,0.2771112024784088,0.7374215126037598,0.5342220664024353,0.7468295693397522,0.45185521245002747,0.7495971322059631,0.3965418338775635,0.7485820055007935,0.34494879841804504
hello,0.6991815567016602,0.7503024935722351,0.6320320963859558,0.704936683177948,0.5819762349128723,0.6363560557365417,0.5577484965324402,0.5712406635284424,0.5462666153907776,0.5098156332969666,0.6240760684013367,0.5248332619667053,0.5923995971679688,0.4433678090572357,0.5704450011253357,0.3941972851753235,0.5541245341300964,0.34712374210357666,0.6659682393074036,0.506857693195343,0.6484758257865906,0.40423500537872314,0.6358460187911987,0.341058611869812,0.6245777606964111,0.28599315881729126,0.7099498510360718,0.5111067295074463,0.7010824084281921,0.41155576705932617,0.6933006644248962,0.34792011976242065,0.6834901571273804,0.2914676070213318,0.7562665939331055,0.5341393947601318,0.7588242292404175,0.4551868438720703,0.7544593811035156,0.40225961804389954,0.7453933954238892,0.353675901889801
love,0.6054632067680359,0.7628750801086426,0.6147156357765198,0.6531773805618286,0.6405826210975647,0.5614943504333496,0.6517297029495239,0.4865768849849701,0.6634005308151245,0.4097622036933899,0.736405074596405,0.5833457112312317,0.646373987197876,0.4823247790336609,0.5828336477279663,0.45711246132850647,0.5447646379470825,0.4493035674095154,0.7261740565299988,0.6476336121559143,0.6196324229240417,0.536522626876831,0.5883936285972595,0.5707756280899048,0.5889207720756531,0.6117666959762573,0.6953498721122742,0.7157362103462219,0.5955402255058289,0.6085655689239502,0.5737582445144653,0.6393896341323853,0.5849739909172058,0.6712260842323303,0.6554994583129883,0.7789933681488037,0.5818712711334229,0.6894829273223877,0.5701794624328613,0.6959248781204224,0.5823948383331299,0.7178263664245605
love,0.7244945764541626,0.8158303499221802,0.718776285648346,0.6926566958427429,0.7024121880531311,0.5703293681144714,0.6853302121162415,0.4810330271720886,0.6841433644294739,0.39653605222702026,0.7678512334823608,0.594866931438446,0.6854088306427002,0.4812142550945282,0.6177340745925903,0.4450574219226837,0.5716822743415833,0.4373793601989746,0.7527505159378052,0.6621595621109009,0.6548753976821899,0.5371055006980896,0.6130820512771606,0.5499637126922607,0.608526349067688,0.5867143869400024,0.72017902135849,0.7309244275093079,0.6249403357505798,0.6075955033302307,0.6066575050354004,0.6306946873664856,0.6242135763168335,0.676958441734314,0.6778742671012878,0.7882826924324036,0.5957119464874268,0.6807366013526917,0.5882289409637451,0.681612491607666,0.6104527711868286,0.7165290713310242
love,0.7627469301223755,0.7819138169288635,0.7689909338951111,0.6626214385032654,0.7576570510864258,0.5403379797935486,0.7366615533828735,0.4442752003669739,0.7421623468399048,0.3687632977962494,0.8175904750823975,0.5627046227455139,0.7504279613494873,0.4458661675453186,0.6953074336051941,0.39237669110298157,0.6571363806724548,0.36367368698120117,0.7982915639877319,0.6186161041259766,0.7151824235916138,0.4926629662513733,0.6748339533805847,0.5169782042503357,0.6742976307868958,0.556696891784668,0.7631345391273499,0.6780877113342285,0.67728590965271,0.5494300127029419,0.6528311371803284,0.5832239985466003,0.6684490442276001,0.6281562447547913,0.7203519940376282,0.7307567000389099,0.6464683413505554,0.618596613407135,0.6322363018989563,0.6312124133110046,0.6499762535095215,0.6682611703872681
love,0.6716592907905579,0.7060189247131348,0.687920093536377,0.6124177575111389,0.7103332877159119,0.5290923118591309,0.7145920991897583,0.4569476544857025,0.7272642850875854,0.38867488503456116,0.8064337372779846,0.5664159655570984,0.7229199409484863,0.4711799621582031,0.6565483808517456,0.44124704599380493,0.6132495999336243,0.4288472533226013,0.789918839931488,0.6294783353805542,0.6907531023025513,0.5319833159446716,0.6689742207527161,0.5622371435165405,0.6725590229034424,0.5987613201141357,0.7542776465415955,0.6926195621490479,0.6572124361991882,0.5974873304367065,0.6496405601501465,0.6194620132446289,0.6672617793083191,0.6428506374359131,0.7122901678085327,0.7475911378860474,0.6393259763717651,0.6658385396003723,0.6312321424484253,0.663177490234375,0.6428684592247009,0.675990879535675
love,0.6866893172264099,0.7590566873550415,0.6958985328674316,0.6634836196899414,0.686318576335907,0.5568245649337769,0.677363395690918,0.47491541504859924,0.703424870967865,0.42380863428115845,0.7240384817123413,0.607598066329956,0.6593960523605347,0.5007046461105347,0.616243839263916,0.450356125831604,0.5790559649467468,0.4161076545715332,0.6921290755271912,0.6614189147949219,0.6093288660049438,0.5344300270080566,0.6110010147094727,0.555481493473053,0.6308090090751648,0.5914334058761597,0.6527836322784424,0.706858217716217,0.5750011205673218,0.5853350162506104,0.5882842540740967,0.611164391040802,0.6153251528739929,0.6472679376602173,0.609070897102356,0.7406113743782043,0.5525981783866882,0.6468486785888672,0.5696848034858704,0.6635624766349792,0.5941861867904663,0.6936278939247131
love,0.7027449011802673,0.7157703042030334,0.7093760967254639,0.620729923248291,0.7236289978027344,0.5316784381866455,0.7242221832275391,0.4613504111766815,0.7378894686698914,0.38908296823501587,0.8131760954856873,0.5592758059501648,0.726814866065979,0.46646374464035034,0.6632940769195557,0.4329416751861572,0.622833251953125,0.41843777894973755,0.7978801131248474,0.6228727698326111,0.6973182559013367,0.5261600017547607,0.6721490025520325,0.5561624765396118,0.6757335662841797,0.5943242907524109,0.7643510103225708,0.6898794770240784,0.6716198325157166,0.597800612449646,0.6568645238876343,0.6203082203865051,0.6694948673248291,0.6445449590682983,0.7253236770629883,0.7517127990722656,0.6581170558929443,0.6805904507637024,0.6455502510070801,0.669267475605011,0.6508896946907043,0.6717371344566345
love,0.6672941446304321,0.818230926990509,0.6831865310668945,0.7304448485374451,0.6785849332809448,0.6178691983222961,0.6672376394271851,0.5282745957374573,0.6865086555480957,0.47037526965141296,0.7128340005874634,0.6751880645751953,0.6539226174354553,0.5583787560462952,0.6160359978675842,0.5038945078849792,0.5844978094100952,0.4743924140930176,0.6702662110328674,0.7253434658050537,0.6033824682235718,0.5892309546470642,0.6060420870780945,0.5877176523208618,0.6209964156150818,0.6198148131370544,0.6235014200210571,0.7640777230262756,0.5638238787651062,0.6295694708824158,0.5721904039382935,0.6279181838035583,0.5906071066856384,0.6597753763198853,0.5752239227294922,0.7890539765357971,0.5253099799156189,0.67557692527771,0.5374158620834351,0.6650425791740417,0.5554739236831665,0.6879719495773315
peace,0.18170219659805298,0.7934094667434692,0.24190284311771393,0.76023268699646,0.2827146649360657,0.6943525075912476,0.29296401143074036,0.6352756023406982,0.28368595242500305,0.5888350605964661,0.285632848739624,0.5868486762046814,0.3405895233154297,0.5139989852905273,0.3744927644729614,0.47381076216697693,0.4023933708667755,0.4396621584892273,0.250322163105011,0.5670304894447327,0.280754029750824,0.453001469373703,0.30346834659576416,0.39423567056655884,0.3210027515888214,0.34672391414642334,0.20869626104831696,0.5727685689926147,0.2443101853132248,0.5009192228317261,0.2560897171497345,0.5616402626037598,0.2542324364185333,0.6135468482971191,0.16689328849315643,0.5974110960960388,0.20165325701236725,0.5627977848052979,0.21717622876167297,0.6081845164299011,0.217102512717247,0.6503189206123352
peace,0.19477973878383636,0.8005412817001343,0.24731101095676422,0.7712062001228333,0.28323787450790405,0.7148349285125732,0.28983715176582336,0.6642648577690125,0.2810335159301758,0.6185024976730347,0.28540197014808655,0.5949508547782898,0.3352278470993042,0.5232325196266174,0.3663950264453888,0.4820137023925781,0.39249205589294434,0.4489455819129944,0.24632275104522705,0.5794140100479126,0.2643507122993469,0.46789175271987915,0.28177016973495483,0.40444615483283997,0.2960781157016754,0.3522692322731018,0.20455756783485413,0.5909255146980286,0.23927807807922363,0.5537048578262329,0.2509266138076782,0.6217823624610901,0.24960076808929443,0.6711451411247253,0.1669459044933319,0.6198416948318481,0.20314806699752808,0.6101128458976746,0.21821536123752594,0.655463457107544,0.21930575370788574,0.688163697719574
peace,0.12293778359889984,0.5283608436584473,0.16054746508598328,0.5622477531433105,0.20046290755271912,0.5600768327713013,0.21174943447113037,0.5038017630577087,0.21267125010490417,0.4456629753112793,0.27838221192359924,0.5090428590774536,0.3485436737537384,0.508659839630127,0.3932899236679077,0.5047985911369324,0.4295859932899475,0.4970364570617676,0.26493239402770996,0.45608270168304443,0.32800552248954773,0.3986107110977173,0.36724409461021423,0.3609342873096466,0.3992183208465576,0.328512042760849,0.23500756919384003,0.4215366244316101,0.24126218259334564,0.40823835134506226,0.2178361862897873,0.44939494132995605,0.19995558261871338,0.4773474335670471,0.1989486664533615,0.4006595313549042,0.20115429162979126,0.40570423007011414,0.18302161991596222,0.4430672824382782,0.16801446676254272,0.4707150459289551
peace,0.08273269236087799,0.6006534099578857,0.11988310515880585,0.6278754472732544,0.16013462841510773,0.6254205107688904,0.1727016568183899,0.5851990580558777,0.1703544557094574,0.5319479703903198,0.24314337968826294,0.545512318611145,0.31243738532066345,0.5278489589691162,0.3561895191669464,0.516865074634552,0.39374279975891113,0.5050187706947327,0.22014737129211426,0.4956202208995819,0.2715396285057068,0.4228074848651886,0.30412548780441284,0.3743521273136139,0.332880437374115,0.33240610361099243,0.18321222066879272,0.4683801233768463,0.1964838057756424,0.45271459221839905,0.17094269394874573,0.508043110370636,0.15030579268932343,0.5473009943962097,0.14211687445640564,0.4591665267944336,0.14267593622207642,0.47119587659835815,0.12537279725074768,0.5211459994316101,0.11115215718746185,0.5587606430053711
peace,0.22867891192436218,0.7476388216018677,0.2780991196632385,0.7352505326271057,0.310235857963562,0.6950963139533997,0.3146681785583496,0.6471949219703674,0.3073424696922302,0.5999845862388611,0.34816235303878784,0.5859735012054443,0.40138480067253113,0.5233409404754639,0.4324285387992859,0.4827858805656433,0.456808865070343,0.44848334789276123,0.3153761029243469,0.5602653622627258,0.3499477505683899,0.46956291794776917,0.3728717267513275,0.4113057851791382,0.3918346166610718,0.36371320486068726,0.2748458683490753,0.558934211730957,0.289128839969635,0.5070871710777283,0.2833825945854187,0.5638771057128906,0.2758762240409851,0.6112968325614929,0.23241522908210754,0.5750517249107361,0.24546192586421967,0.5416632890701294,0.24860011041164398,0.5834562182426453,0.2471023052930832,0.6226831674575806
hello,0.6265236735343933,0.8021285533905029,0.5784434676170349,0.7329049110412598,0.553684413433075,0.644469141960144,0.5506214499473572,0.5717008709907532,0.5540547966957092,0.5081319212913513,0.6252515316009521,0.54571533203125,0.6223955750465393,0.45560458302497864,0.6160901784896851,0.39879292249679565,0.6115180850028992,0.3490167260169983,0.6664242148399353,0.5518146753311157,0.6834462881088257,0.45129063725471497,0.6888194680213928,0.3869157135486603,0.6905022263526917,0.331660658121109,0.7001739144325256,0.5793362855911255,0.7277029156684875,0.4930305778980255,0.7387260794639587,0.43410825729370117,0.7442377209663391,0.3799407482147217,0.7270488739013672,0.6249525547027588,0.7674973607063293,0.5699844360351562,0.7902981638908386,0.5267530679702759,0.8066824674606323,0.48310762643814087
hello,0.7114509344100952,0.8082273602485657,0.6488120555877686,0.7418460845947266,0.6186847686767578,0.6463260650634766,0.613289475440979,0.5652466416358948,0.6206042766571045,0.504852294921875,0.6825598478317261,0.5468848943710327,0.6748446226119995,0.45905745029449463,0.6676758527755737,0.4067387580871582,0.664440929889679,0.3560948371887207,0.7287891507148743,0.5447410345077515,0.7373704314231873,0.4395145773887634,0.7401947975158691,0.3745776414871216,0.741195023059845,0.3164653778076172,0.770936131477356,0.5653022527694702,0.7839523553848267,0.4660358428955078,0.7894114851951599,0.4028310775756836,0.7912363409996033,0.3465062379837036,0.8100378513336182,0.6056006550788879,0.8339005708694458,0.5281574726104736,0.8460637927055359,0.4751759469509125,0.8543495535850525,0.42438364028930664
hello,0.6769462823867798,0.7876235246658325,0.6046945452690125,0.765329122543335,0.5450236201286316,0.7104769349098206,0.5074913501739502,0.6592248678207397,0.47491103410720825,0.6165884137153625,0.5620710849761963,0.5847858786582947,0.5168460011482239,0.5316420793533325,0.4823317229747772,0.5163090229034424,0.4489337205886841,0.5077406764030457,0.5870549082756042,0.5561164021492004,0.5428414344787598,0.48137396574020386,0.5047539472579956,0.445965975522995,0.46678319573402405,0.420512855052948,0.6188894510269165,0.5461664199829102,0.5761289596557617,0.467962384223938,0.5401873588562012,0.43025270104408264,0.5034914612770081,0.4013015031814575,0.6567631959915161,0.5510345697402954,0.6336636543273926,0.47673410177230835,0.6128652691841125,0.43103426694869995,0.58845454454422,0.3914850950241089
hello,0.7388570308685303,0.8185933828353882,0.67048579454422,0.768074095249176,0.6302053332328796,0.6934499740600586,0.6157996654510498,0.6185726523399353,0.6249700784683228,0.5591272115707397,0.6757698059082031,0.5884724855422974,0.6547388434410095,0.5030977129936218,0.6433737874031067,0.44833284616470337,0.638923168182373,0.3971862494945526,0.7210948467254639,0.5754085779190063,0.7159777879714966,0.4736521244049072,0.7120939493179321,0.40968993306159973,0.7088016867637634,0.3538036346435547,0.7655705213546753,0.5849732160568237,0.76716148853302,0.4924660921096802,0.7646694183349609,0.4297352433204651,0.7613160610198975,0.374654620885849,0.808483362197876,0.6151421070098877,0.8246310949325562,0.5441370010375977,0.8342441320419312,0.4952307343482971,0.8422755002975464,0.449863076210022
hello,0.20949503779411316,0.7706992626190186,0.2789000868797302,0.7320153117179871,0.3202762007713318,0.673312246799469,0.3290221691131592,0.6112152934074402,0.32446131110191345,0.5643624067306519,0.2773263454437256,0.5812467336654663,0.30009710788726807,0.5062680840492249,0.31402474641799927,0.45927003026008606,0.3255772590637207,0.41853851079940796,0.24262292683124542,0.5675959587097168,0.2632978558540344,0.4801834225654602,0.27761590480804443,0.42381179332733154,0.2903451919555664,0.37632250785827637,0.20651277899742126,0.5687528252601624,0.2151442915201187,0.4823151230812073,0.22482381761074066,0.4287337362766266,0.23533183336257935,0.3857473134994507,0.16623878479003906,0.5832040905952454,0.16694289445877075,0.5182331800460815,0.171683669090271,0.47422170639038086,0.1782960295677185,0.43392395973205566
hello,0.20642825961112976,0.7749942541122437,0.27211233973503113,0.7280439734458923,0.32105761766433716,0.6574361324310303,0.3491518497467041,0.5924356579780579,0.3682829737663269,0.5396871566772461,0.27772754430770874,0.5527219176292419,0.3056389391422272,0.4733940362930298,0.32573163509368896,0.4270823001861572,0.34454140067100525,0.3861490488052368,0.24053995311260223,0.5402883887290955,0.26278963685035706,0.4471059739589691,0.280895859003067,0.3868434429168701,0.2967660129070282,0.33264482021331787,0.2010968178510666,0.5481190085411072,0.2091514617204666,0.4550386071205139,0.21940375864505768,0.3956426680088043,0.23155704140663147,0.3424968719482422,0.15811187028884888,0.5726242661476135,0.1567365825176239,0.5005367994308472,0.15954095125198364,0.4505529999732971,0.16496117413043976,0.4014531970024109
hello,0.23247036337852478,0.7765488028526306,0.29082295298576355,0.724980354309082,0.33370575308799744,0.6411025524139404,0.3575386106967926,0.5700251460075378,0.3775966763496399,0.5198695063591003,0.27634453773498535,0.5378732681274414,0.2934132516384125,0.45317140221595764,0.3038310110569,0.40129995346069336,0.3128510117530823,0.35685431957244873,0.23678164184093475,0.5341544151306152,0.24407848715782166,0.43855613470077515,0.2490374743938446,0.37651652097702026,0.2521820068359375,0.32504570484161377,0.19921661913394928,0.549483597278595,0.19341222941875458,0.4577140510082245,0.19255448877811432,0.40023505687713623,0.19411152601242065,0.35022833943367004,0.16063320636749268,0.5819742679595947,0.1487092524766922,0.5122413635253906,0.1430206596851349,0.4646778106689453,0.14050617814064026,0.4175092577934265
hello,0.19785049557685852,0.7736104726791382,0.2656708359718323,0.7390081882476807,0.3191913068294525,0.6766794323921204,0.3480139672756195,0.6181697845458984,0.3649291694164276,0.5713122487068176,0.2791803181171417,0.5679942965507507,0.310922771692276,0.49351733922958374,0.33385249972343445,0.4507598876953125,0.35508695244789124,0.41585424542427063,0.24443230032920837,0.5523338317871094,0.27153077721595764,0.46383100748062134,0.2935080826282501,0.4074671268463135,0.3128475248813629,0.3601338267326355,0.20730522274971008,0.5543210506439209,0.2207047939300537,0.4637315273284912,0.23552335798740387,0.4074311852455139,0.2518197000026703,0.35992884635925293,0.16582560539245605,0.5712428092956543,0.16604584455490112,0.5014694333076477,0.171096533536911,0.45248252153396606,0.17954173684120178,0.4057570993900299
hello,0.2993190288543701,0.7965646386146545,0.35968366265296936,0.7689843773841858,0.41039419174194336,0.7170253396034241,0.4485953152179718,0.6707487106323242,0.4810744524002075,0.626884937286377,0.38558074831962585,0.5966328978538513,0.42020779848098755,0.5179085731506348,0.44810736179351807,0.47687703371047974,0.4751654267311096,0.44207680225372314,0.3480779528617859,0.5818293690681458,0.3749324381351471,0.49138498306274414,0.3999502658843994,0.43602973222732544,0.42223817110061646,0.3868393301963806,0.3073383867740631,0.5904360413551331,0.3158499300479889,0.49777206778526306,0.32878273725509644,0.4360654354095459,0.34470242261886597,0.37986665964126587,0.2638337314128876,0.6160663962364197,0.26165926456451416,0.5419230461120605,0.265758752822876,0.4899599552154541,0.2739001214504242,0.4379696846008301
hello,0.2738124132156372,0.7911582589149475,0.32814252376556396,0.7290527820587158,0.3627692461013794,0.6435700058937073,0.37874913215637207,0.5745831727981567,0.3903665244579315,0.5229911804199219,0.3027537763118744,0.5497206449508667,0.31118229031562805,0.4676065742969513,0.3189243972301483,0.41895103454589844,0.32689303159713745,0.3767487108707428,0.26507332921028137,0.5486420392990112,0.26384109258651733,0.45251357555389404,0.26865270733833313,0.3903142511844635,0.2732890844345093,0.3373526632785797,0.2305993288755417,0.5657124519348145,0.2189152091741562,0.47478431463241577,0.21943840384483337,0.41586101055145264,0.2233365923166275,0.3636597692966461,0.19713863730430603,0.5982592701911926,0.1777941882610321,0.5316116213798523,0.17087507247924805,0.4846556484699249,0.16865426301956177,0.4376319348812103
hello,0.24092017114162445,0.7793822884559631,0.2972332537174225,0.7248886823654175,0.3406502306461334,0.6476341485977173,0.36539459228515625,0.5834112763404846,0.380923867225647,0.5314942002296448,0.2884809970855713,0.5451878905296326,0.305215984582901,0.46321743726730347,0.317299485206604,0.4161830544471741,0.3289179503917694,0.37449222803115845,0.25246453285217285,0.5392260551452637,0.26559171080589294,0.4435728192329407,0.27802005410194397,0.3823150396347046,0.28880879282951355,0.32826125621795654,0.21582303941249847,0.5530155301094055,0.21476826071739197,0.46018141508102417,0.2214381992816925,0.40088146924972534,0.2306983321905136,0.34728777408599854,0.1772569715976715,0.5828723907470703,0.16632220149040222,0.5132729411125183,0.1645515412092209,0.4654514193534851,0.16681082546710968,0.41757214069366455
hello,0.20701870322227478,0.7522836327552795,0.2729337811470032,0.717653751373291,0.32420963048934937,0.6564618349075317,0.3493073582649231,0.5928197503089905,0.36059701442718506,0.5432584285736084,0.2832571566104889,0.546256422996521,0.31362634897232056,0.469064861536026,0.3304286003112793,0.42083483934402466,0.3432316184043884,0.3803078830242157,0.24494053423404694,0.5305632948875427,0.2640639543533325,0.43608132004737854,0.2758786678314209,0.3765926957130432,0.2841995358467102,0.3284881114959717,0.20678120851516724,0.5341008305549622,0.21129021048545837,0.4470194876194,0.21554046869277954,0.39362168312072754,0.2208348512649536,0.3504381775856018,0.16607636213302612,0.5549665093421936,0.16080313920974731,0.4914427101612091,0.1596229076385498,0.4489954710006714,0.16147984564304352,0.409237265586853
peace,0.2091577649116516,0.7535603642463684,0.27418968081474304,0.7189878821372986,0.32485491037368774,0.657283365726471,0.34961047768592834,0.5929456353187561,0.3610514998435974,0.5442276000976562,0.2829999625682831,0.5460917949676514,0.3122066557407379,0.47019922733306885,0.3288511633872986,0.4220154881477356,0.3419555127620697,0.38189083337783813,0.24460381269454956,0.5302989482879639,0.263889878988266,0.43695706129074097,0.2759777307510376,0.3778611421585083,0.2852785885334015,0.3289751410484314,0.20655247569084167,0.5339153409004211,0.21150127053260803,0.44832560420036316,0.21564717590808868,0.39472436904907227,0.2209472358226776,0.3509344160556793,0.1656251847743988,0.5548920035362244,0.16012807190418243,0.4915574789047241,0.1584891974925995,0.44920623302459717,0.1597716510295868,0.40956759452819824
thumbsup,0.24782896041870117,0.7818882465362549,0.2496950924396515,0.6785230040550232,0.2840791642665863,0.5934378504753113,0.3068164587020874,0.5263540744781494,0.3087524175643921,0.46628114581108093,0.3459267020225525,0.6269394159317017,0.4074881374835968,0.5840779542922974,0.38472339510917664,0.587081789970398,0.35717591643333435,0.6044557690620422,0.3673970401287079,0.679480791091919,0.41815826296806335,0.6317623853683472,0.3966304361820221,0.6300786733627319,0.3716222941875458,0.6476751565933228,0.3784765601158142,0.7293629050254822,0.41938531398773193,0.6792622208595276,0.40105190873146057,0.677266001701355,0.379076212644577,0.6935101747512817,0.38395577669143677,0.7714386582374573,0.4160609245300293,0.7266088128089905,0.40042543411254883,0.7227340936660767,0.3820863962173462,0.7357264757156372
thumbsup,0.24977049231529236,0.7779117226600647,0.28397321701049805,0.6907885074615479,0.3196696937084198,0.6090917587280273,0.33058932423591614,0.5420540571212769,0.3338882625102997,0.47721540927886963,0.30213066935539246,0.5986863970756531,0.3973104655742645,0.6453119516372681,0.378356397151947,0.658290684223175,0.3467338979244232,0.6421229839324951,0.27786341309547424,0.6560816764831543,0.3835631012916565,0.7059755921363831,0.35730570554733276,0.7040196657180786,0.3297520875930786,0.6867435574531555,0.25995001196861267,0.717397928237915,0.3573334813117981,0.7604102492332458,0.3319883942604065,0.7569237947463989,0.3082282841205597,0.7406004667282104,0.24893897771835327,0.7752270698547363,0.32259321212768555,0.8058298826217651,0.30770280957221985,0.7987591028213501,0.28454989194869995,0.7853125929832458
thumbsup,0.28688010573387146,0.8047237992286682,0.3506205677986145,0.758652925491333,0.3898685872554779,0.6891263127326965,0.40543699264526367,0.6236140727996826,0.4186413586139679,0.5467251539230347,0.32023879885673523,0.6630972027778625,0.3792593777179718,0.785216212272644,0.3813598155975342,0.7852176427841187,0.3688425123691559,0.7565918564796448,0.26455822587013245,0.713177502155304,0.3452698588371277,0.8417459726333618,0.34140661358833313,0.8203837871551514,0.3182877004146576,0.786279559135437,0.22557266056537628,0.7704887986183167,0.3006560504436493,0.881123960018158,0.2984946370124817,0.8590559959411621,0.2771129012107849,0.822191596031189,0.19653330743312836,0.8281130194664001,0.2535114288330078,0.9031105041503906,0.25434964895248413,0.8884119987487793,0.2345413863658905,0.8660920858383179
thumbsup,0.20980426669120789,0.8082765936851501,0.2198387086391449,0.7027944326400757,0.2573202848434448,0.608149528503418,0.2771928012371063,0.5351420640945435,0.2810264229774475,0.47243398427963257,0.3148115873336792,0.6361612677574158,0.3932730257511139,0.6020691394805908,0.3693947494029999,0.6098970174789429,0.3378100097179413,0.6259041428565979,0.32821768522262573,0.6960252523422241,0.4002227187156677,0.6638258099555969,0.37469789385795593,0.6655556559562683,0.34418392181396484,0.6805197596549988,0.3350386917591095,0.7556323409080505,0.4014173448085785,0.723373532295227,0.37929558753967285,0.722488522529602,0.3510573208332062,0.7357852458953857,0.33827832341194153,0.8093858957290649,0.39516693353652954,0.7787667512893677,0.3764694631099701,0.7758216857910156,0.35142916440963745,0.7881676554679871
thumbsup,0.3153327405452728,0.6584001779556274,0.3426014184951782,0.5646154284477234,0.3909083604812622,0.48766300082206726,0.41654375195503235,0.4228385388851166,0.4230482876300812,0.3611627221107483,0.440233051776886,0.5385767221450806,0.517330527305603,0.5322825312614441,0.4896722137928009,0.5369989275932312,0.45628368854522705,0.5406167507171631,0.44046667218208313,0.6011078357696533,0.5147377252578735,0.5919851064682007,0.48810023069381714,0.5893610715866089,0.45584553480148315,0.5939189791679382,0.4346845746040344,0.6603516936302185,0.5036273002624512,0.6495938301086426,0.47952163219451904,0.6451705098152161,0.449342280626297,0.6498371362686157,0.4263076186180115,0.7133790254592896,0.48733267188072205,0.7028314471244812,0.4673352837562561,0.694678544998169,0.43929338455200195,0.6985769867897034
thumbsup,0.2531198561191559,0.8190483450889587,0.2654011845588684,0.7144097089767456,0.30129945278167725,0.6222015619277954,0.3196656405925751,0.5524590015411377,0.3219624161720276,0.49289652705192566,0.3554834723472595,0.6746955513954163,0.4305979013442993,0.6371614933013916,0.4029173254966736,0.630652129650116,0.3714125454425812,0.6415756940841675,0.36767125129699707,0.7360159158706665,0.4395703375339508,0.6943658590316772,0.4135173559188843,0.6840770840644836,0.3842349946498871,0.6991364359855652,0.3736516535282135,0.7915939092636108,0.43891024589538574,0.7515153288841248,0.41678258776664734,0.7418143153190613,0.3899694085121155,0.7568498253822327,0.37710875272750854,0.8387601375579834,0.4347025156021118,0.8010798096656799,0.41692912578582764,0.7909606695175171,0.39238646626472473,0.8046927452087402
thumbsup,0.217309832572937,0.7938745021820068,0.2369084358215332,0.6915521025657654,0.27509087324142456,0.6039609313011169,0.28805962204933167,0.5342134237289429,0.26759809255599976,0.4865826964378357,0.33027711510658264,0.6433581113815308,0.3991498649120331,0.6221182942390442,0.37714675068855286,0.6193551421165466,0.34635305404663086,0.6272778511047363,0.34085118770599365,0.7043629884719849,0.40681177377700806,0.6779640316963196,0.3848794400691986,0.6699270606040955,0.3552151918411255,0.681236743927002,0.3439624607563019,0.7622897624969482,0.40550199151039124,0.7340399026870728,0.3874259293079376,0.7256755232810974,0.3606649339199066,0.7359071969985962,0.3425535261631012,0.8133125305175781,0.3937312066555023,0.7879986763000488,0.38063016533851624,0.7783300280570984,0.35857927799224854,0.7860368490219116
thumbsup,0.20570290088653564,0.8088027834892273,0.259521484375,0.7461187839508057,0.28223782777786255,0.6498970985412598,0.2912083566188812,0.573277473449707,0.302044153213501,0.50525963306427,0.1895425170660019,0.6132278442382812,0.23462098836898804,0.6977775692939758,0.260578453540802,0.7339800596237183,0.26230698823928833,0.7267168164253235,0.1394331008195877,0.6553130149841309,0.20186755061149597,0.7547445297241211,0.22766782343387604,0.7751544713973999,0.2257256656885147,0.7603745460510254,0.1070462316274643,0.7077192664146423,0.1615375578403473,0.7929163575172424,0.19125430285930634,0.8066655397415161,0.1952141523361206,0.7911602854728699,0.08412647992372513,0.7639176845550537,0.12228257209062576,0.8202443718910217,0.1497555524110794,0.8295755386352539,0.15710854530334473,0.8214966058731079
thumbsup,0.2275911271572113,0.7843993902206421,0.22881680727005005,0.6762461066246033,0.255787193775177,0.5850902795791626,0.27256572246551514,0.5129876136779785,0.2762100100517273,0.4514240622520447,0.3250211179256439,0.6242894530296326,0.3868899941444397,0.5795411467552185,0.36369436979293823,0.5871260166168213,0.33662843704223633,0.6056151390075684,0.34614741802215576,0.6816307306289673,0.3970986604690552,0.6318008899688721,0.3752449154853821,0.6326642036437988,0.35076797008514404,0.6509457230567932,0.35639190673828125,0.7350559234619141,0.39664655923843384,0.6845903992652893,0.3775719404220581,0.6858912706375122,0.3561473786830902,0.7036772966384888,0.36119216680526733,0.780401885509491,0.3939823508262634,0.734022319316864,0.3759058117866516,0.7337665557861328,0.35701021552085876,0.7505312561988831
thumbsup,0.2002280056476593,0.802290141582489,0.2035418003797531,0.7028129696846008,0.23155109584331512,0.6013598442077637,0.24758103489875793,0.5256030559539795,0.2491336613893509,0.4646318256855011,0.26614487171173096,0.645459771156311,0.3230271339416504,0.6163817048072815,0.3560318350791931,0.5961939096450806,0.3804534375667572,0.5809392333030701,0.290243923664093,0.7072270512580872,0.36086249351501465,0.6604800224304199,0.353726327419281,0.6477475762367249,0.3334658443927765,0.651478111743927,0.30841171741485596,0.7615375518798828,0.37535741925239563,0.7113817930221558,0.3613640367984772,0.6980594396591187,0.3381365239620209,0.7048459649085999,0.32192397117614746,0.806620717048645,0.3754175901412964,0.7557355165481567,0.3618401288986206,0.7448000907897949,0.34120476245880127,0.7546198964118958
thumbsup,0.22944271564483643,0.7964463233947754,0.268993079662323,0.718494176864624,0.27992507815361023,0.6260122060775757,0.27949321269989014,0.558158814907074,0.28709089756011963,0.4925345182418823,0.16433477401733398,0.6026929616928101,0.22895553708076477,0.6592350006103516,0.25639116764068604,0.6837635040283203,0.24542954564094543,0.6743759512901306,0.12428033351898193,0.6664274334907532,0.20980815589427948,0.7230923175811768,0.23967629671096802,0.7326491475105286,0.22794032096862793,0.7186180949211121,0.10392826795578003,0.7324139475822449,0.18254224956035614,0.7819762825965881,0.21625769138336182,0.7860354781150818,0.21231311559677124,0.7719259262084961,0.09395916014909744,0.7963005304336548,0.15358948707580566,0.8309723138809204,0.18722780048847198,0.8315898180007935,0.19389848411083221,0.8222171664237976
hello,0.36617910861968994,0.8343021869659424,0.4179363250732422,0.7963794469833374,0.4626697897911072,0.7459259033203125,0.4998778998851776,0.7080041170120239,0.5341224074363708,0.6754586696624756,0.4170197546482086,0.6154995560646057,0.43411561846733093,0.5271830558776855,0.45570939779281616,0.48578736186027527,0.47810810804367065,0.4529402256011963,0.37889769673347473,0.612021803855896,0.377973735332489,0.5095878839492798,0.38456806540489197,0.44649237394332886,0.3905218243598938,0.39503544569015503,0.34459391236305237,0.6321548819541931,0.3261013627052307,0.5437630414962769,0.32067590951919556,0.48094767332077026,0.31870850920677185,0.4261176586151123,0.31237566471099854,0.6704585552215576,0.2897984981536865,0.6033496260643005,0.27799248695373535,0.5547162294387817,0.2695799469947815,0.506267786026001
love,0.27054303884506226,0.8103679418563843,0.2842428982257843,0.7115158438682556,0.2884899079799652,0.6149702072143555,0.2938167452812195,0.5410723686218262,0.29637137055397034,0.4734995663166046,0.18652774393558502,0.626585841178894,0.2773747146129608,0.5511197447776794,0.33667615056037903,0.5372228026390076,0.37081924080848694,0.5356581211090088,0.1875000298023224,0.6890431642532349,0.2896558940410614,0.6025844812393188,0.31597763299942017,0.6310033202171326,0.31142306327819824,0.664400577545166,0.20674912631511688,0.752419114112854,0.3034474849700928,0.677458643913269,0.3182055950164795,0.7028507590293884,0.3042629063129425,0.7269143462181091,0.2341073751449585,0.8092764019966125,0.3076443076133728,0.7597041130065918,0.3154623508453369,0.7685168981552124,0.2973620891571045,0.7840608954429626
love,0.3304526209831238,0.7081444263458252,0.3142491281032562,0.6251419186592102,0.30326640605926514,0.5446644425392151,0.2990601062774658,0.4843338131904602,0.28140735626220703,0.43618088960647583,0.22572025656700134,0.6169262528419495,0.30063098669052124,0.5084480047225952,0.3403521180152893,0.4780917763710022,0.3637809753417969,0.47113752365112305,0.25252169370651245,0.6779133081436157,0.3380390703678131,0.5576439499855042,0.33077767491340637,0.5770888924598694,0.30877089500427246,0.6136921048164368,0.29218465089797974,0.7229912877082825,0.36493879556655884,0.6076331734657288,0.34947657585144043,0.6280677914619446,0.32671231031417847,0.6597334146499634,0.33213645219802856,0.7564830183982849,0.3848229646682739,0.6720281839370728,0.3700854778289795,0.6775234937667847,0.3476006090641022,0.7015950083732605
love,0.30955299735069275,0.7543806433677673,0.3060254752635956,0.6641857028007507,0.31221067905426025,0.558614194393158,0.32249513268470764,0.4762430787086487,0.31707027554512024,0.4081936180591583,0.2519695460796356,0.573762834072113,0.3193734884262085,0.4785168170928955,0.3674277663230896,0.4507865905761719,0.40112045407295227,0.44035735726356506,0.26708748936653137,0.6285234689712524,0.3498992621898651,0.5149481892585754,0.36206939816474915,0.5459358096122742,0.3477649688720703,0.5853848457336426,0.29763272404670715,0.6782363653182983,0.3759881556034088,0.5688984394073486,0.3791733980178833,0.6057020425796509,0.36140596866607666,0.6423050165176392,0.33437177538871765,0.7167049050331116,0.39185330271720886,0.6264480352401733,0.3902938663959503,0.6477570533752441,0.37262222170829773,0.6778709888458252
love,0.3829445540904999,0.7818267345428467,0.3627263903617859,0.6939501166343689,0.3469749689102173,0.5981679558753967,0.35116490721702576,0.5223642587661743,0.3510012924671173,0.45575761795043945,0.2728692889213562,0.6509687304496765,0.3458194434642792,0.5384681224822998,0.3958161771297455,0.5071368217468262,0.4232645630836487,0.49329662322998047,0.2992362976074219,0.7158203721046448,0.38726240396499634,0.5770320892333984,0.40807369351387024,0.6018562316894531,0.3989768326282501,0.6356618404388428,0.3391348421573639,0.7687393426895142,0.41842931509017944,0.6371411085128784,0.42722436785697937,0.665442168712616,0.410862535238266,0.6968719959259033,0.3815551996231079,0.8088639974594116,0.43649405241012573,0.7007224559783936,0.439339816570282,0.7152281403541565,0.42417627573013306,0.7450233697891235
love,0.3846488893032074,0.76617431640625,0.41122010350227356,0.6847003102302551,0.43901416659355164,0.6067473292350769,0.47140416502952576,0.552722692489624,0.4935499429702759,0.5011919736862183,0.35212746262550354,0.5896528959274292,0.46069103479385376,0.5572299957275391,0.5163155794143677,0.5667646527290344,0.5491709113121033,0.5763680934906006,0.3448718190193176,0.6558875441551208,0.4694945812225342,0.6271944642066956,0.47520947456359863,0.6431511640548706,0.4557937681674957,0.6509037613868713,0.35198432207107544,0.7252621650695801,0.459401935338974,0.6977787613868713,0.4626416563987732,0.7080280780792236,0.44649940729141235,0.7124144434928894,0.3649887144565582,0.7882686853408813,0.4468386769294739,0.7721875905990601,0.4573429524898529,0.7720439434051514,0.4476192891597748,0.7760025262832642
peace,0.8774309158325195,0.5972286462783813,0.8312599658966064,0.6084004044532776,0.7865141034126282,0.5751293301582336,0.7935043573379517,0.5044427514076233,0.8101848363876343,0.44845879077911377,0.7324585318565369,0.5001458525657654,0.6760376691818237,0.4582001864910126,0.6426305770874023,0.4320531189441681,0.6129512786865234,0.4084208905696869,0.7577646970748901,0.45555242896080017,0.7171759009361267,0.36719056963920593,0.6989575624465942,0.31065303087234497,0.6834273934364319,0.2647278308868408,0.7920833230018616,0.43777135014533997,0.7884593605995178,0.41112077236175537,0.8047981262207031,0.45544394850730896,0.8121532201766968,0.48262399435043335,0.8294591903686523,0.4355689585208893,0.8270031213760376,0.4230232536792755,0.8381317853927612,0.4650041460990906,0.8430141806602478,0.4949361979961395
peace,0.8982813358306885,0.6081551313400269,0.8455517292022705,0.6156412363052368,0.7996696829795837,0.5877830982208252,0.8002644181251526,0.5276834964752197,0.8187861442565918,0.482852041721344,0.7629109025001526,0.48833101987838745,0.7053677439689636,0.4375436007976532,0.6687926054000854,0.4065915644168854,0.6384283304214478,0.3795916438102722,0.7907490730285645,0.4487982988357544,0.7391932010650635,0.3684937357902527,0.7104673385620117,0.3158443868160248,0.6899409294128418,0.27259624004364014,0.8279014825820923,0.43551337718963623,0.8298768401145935,0.3945704400539398,0.8484443426132202,0.440433531999588,0.8629240989685059,0.4805569350719452,0.8678398728370667,0.44056981801986694,0.8732290267944336,0.4139748215675354,0.8822770714759827,0.4499625563621521,0.8892519474029541,0.4847944676876068
peace,0.8368391990661621,0.6208043694496155,0.7777230739593506,0.63652104139328,0.7107867002487183,0.6166549324989319,0.6680484414100647,0.5737805366516113,0.6619482636451721,0.5259247422218323,0.6908252239227295,0.5049616694450378,0.6365458369255066,0.4522903561592102,0.6005114316940308,0.4226958453655243,0.5701347589492798,0.3957810699939728,0.7218338847160339,0.46475958824157715,0.6780707836151123,0.38019436597824097,0.652643620967865,0.32694536447525024,0.6319644451141357,0.28263241052627563,0.7605852484703064,0.45014622807502747,0.7704452276229858,0.39659976959228516,0.7904265522956848,0.4436597526073456,0.8029371500015259,0.4863208532333374,0.8001496195793152,0.4555481970310211,0.8098629117012024,0.4338608682155609,0.8207890391349792,0.48023319244384766,0.8263392448425293,0.523779571056366
peace,0.8242617845535278,0.5933873653411865,0.7741029262542725,0.6024255752563477,0.7214353084564209,0.5773518085479736,0.7161089777946472,0.5226531624794006,0.7398847341537476,0.48448142409324646,0.6963404417037964,0.48050835728645325,0.6446049213409424,0.42819279432296753,0.6144944429397583,0.3978407382965088,0.5883612632751465,0.36995264887809753,0.7277787327766418,0.4444664418697357,0.689394474029541,0.3501285910606384,0.6687783598899841,0.2917841672897339,0.6520734429359436,0.24217544496059418,0.7663177251815796,0.4290945827960968,0.7715505361557007,0.41432905197143555,0.7869611978530884,0.4787180721759796,0.796142578125,0.5224326848983765,0.807128369808197,0.4282936751842499,0.8080689907073975,0.41718554496765137,0.816967785358429,0.46777087450027466,0.8210235834121704,0.5057116746902466
peace,0.7232520580291748,0.7289515733718872,0.6685508489608765,0.7010564804077148,0.6305978894233704,0.6311897039413452,0.650295615196228,0.579311192035675,0.6920899152755737,0.5753375291824341,0.6545183658599854,0.5253105759620667,0.6338602900505066,0.4379124641418457,0.6222778558731079,0.3846926689147949,0.6119171380996704,0.3406915068626404,0.6966391205787659,0.5171029567718506,0.708281397819519,0.41326606273651123,0.7125217318534851,0.3482193946838379,0.71044921875,0.294291615486145,0.7341346740722656,0.5325508713722229,0.7322648167610168,0.5094409584999084,0.725066602230072,0.5650835037231445,0.7184931635856628,0.6038815379142761,0.7684240341186523,0.5629692077636719,0.7602519989013672,0.5526430010795593,0.7460256814956665,0.6079282760620117,0.7350701689720154,0.654099702835083
love,0.8372741341590881,0.2335485965013504,0.7912472486495972,0.2677527368068695,0.7483425140380859,0.3021526038646698,0.7223223447799683,0.3423326015472412,0.6977306008338928,0.3749622106552124,0.7204755544662476,0.17757651209831238,0.7178600430488586,0.23099331557750702,0.728669285774231,0.2622219920158386,0.7350530028343201,0.274452269077301,0.7603718638420105,0.14104853570461273,0.7732920050621033,0.24415923655033112,0.779421865940094,0.2941540479660034,0.7796851992607117,0.3100992441177368,0.8063977956771851,0.13109901547431946,0.8217096924781799,0.22600194811820984,0.8209311962127686,0.24981042742729187,0.8161261677742004,0.24346058070659637,0.8480250835418701,0.13641142845153809,0.8594100475311279,0.2077474743127823,0.8603012561798096,0.2275162935256958,0.8585367202758789,0.22072650492191315
cheers,0.7063497304916382,0.46734219789505005,0.6522294282913208,0.48316630721092224,0.6104967594146729,0.5162575244903564,0.5867710113525391,0.5600117444992065,0.5908122062683105,0.587281346321106,0.5794684886932373,0.39346277713775635,0.585616409778595,0.5251699686050415,0.6073601245880127,0.5445777773857117,0.6132181286811829,0.5153530836105347,0.6320882439613342,0.3771137595176697,0.6433712840080261,0.5280559659004211,0.6503800749778748,0.5356544256210327,0.6463335752487183,0.5019857287406921,0.6878554821014404,0.3828693926334381,0.6929660439491272,0.5244127511978149,0.6895915865898132,0.5256349444389343,0.6835179924964905,0.49313145875930786,0.7359344363212585,0.4005191922187805,0.732625424861908,0.5069015026092529,0.7249221205711365,0.5048820376396179,0.7171108722686768,0.4726915657520294
cheers,0.7560345530509949,0.45256587862968445,0.7032754421234131,0.4823802411556244,0.6607876420021057,0.5220387578010559,0.6383592486381531,0.5573340058326721,0.6458079218864441,0.5614618062973022,0.6297487020492554,0.37663477659225464,0.641798734664917,0.5095555186271667,0.6608613729476929,0.5214459300041199,0.662997841835022,0.4829076826572418,0.6854579448699951,0.35767918825149536,0.7028127908706665,0.5215905904769897,0.7059279084205627,0.5156856179237366,0.6962311863899231,0.46700218319892883,0.7425981760025024,0.36126095056533813,0.7513424158096313,0.5157516598701477,0.745898962020874,0.5090221762657166,0.7352871298789978,0.46512365341186523,0.7920171618461609,0.3778734505176544,0.7934299111366272,0.4963821768760681,0.7859145998954773,0.489886999130249,0.7770600914955139,0.451333612203598
cheers,0.7978024482727051,0.4847134053707123,0.7378971576690674,0.4871448874473572,0.6824659705162048,0.49852481484413147,0.6531901359558105,0.5329575538635254,0.6650801301002502,0.5609440803527832,0.6766952872276306,0.37491869926452637,0.6774879693984985,0.5057339668273926,0.6987163424491882,0.5171352624893188,0.7039632797241211,0.4770689606666565,0.7303024530410767,0.3624097406864166,0.7337526679039001,0.5138410925865173,0.7412024140357971,0.5054620504379272,0.7348763942718506,0.45752108097076416,0.7859841585159302,0.3720272481441498,0.7840885519981384,0.5138117074966431,0.7839274406433105,0.5033281445503235,0.7763575911521912,0.4566493034362793,0.8345637321472168,0.391809344291687,0.8278229236602783,0.5047523975372314,0.826199471950531,0.49447768926620483,0.8215499520301819,0.4512122869491577
love,0.727777361869812,0.8135430812835693,0.7359509468078613,0.7263041138648987,0.7160499095916748,0.6244933009147644,0.6932297348976135,0.5503893494606018,0.70139479637146,0.49723827838897705,0.7438660860061646,0.6599118113517761,0.6602137684822083,0.5715816020965576,0.6145091652870178,0.5322645902633667,0.5810273885726929,0.5104497075080872,0.7089262008666992,0.7283850908279419,0.6158607006072998,0.6160230040550232,0.6244040131568909,0.6257929801940918,0.6518413424491882,0.661888599395752,0.6704347133636475,0.7848029136657715,0.5844745635986328,0.6775631904602051,0.5977458357810974,0.6818999648094177,0.6265304684638977,0.7119967341423035,0.6307473182678223,0.8274176716804504,0.5687407851219177,0.7320090532302856,0.5832140445709229,0.7268375754356384,0.6073070764541626,0.7503573894500732
cheers,0.7861441969871521,0.51750248670578,0.707446813583374,0.5349768996238708,0.6495338082313538,0.5635643601417542,0.6126038432121277,0.6189901232719421,0.5971728563308716,0.6789438724517822,0.6293608546257019,0.4346468150615692,0.6042593717575073,0.581771194934845,0.6355125904083252,0.5927056074142456,0.6475221514701843,0.5563730597496033,0.6876147389411926,0.4307427704334259,0.6610748171806335,0.6071797013282776,0.6846869587898254,0.5926490426063538,0.6911870837211609,0.5491235852241516,0.7482656240463257,0.4498145878314972,0.7209925651550293,0.612175464630127,0.736052393913269,0.5907860994338989,0.742469847202301,0.5484099984169006,0.8032816052436829,0.4775863289833069,0.7722060084342957,0.6006338596343994,0.7777471542358398,0.5822728276252747,0.7830313444137573,0.5406070947647095
cheers,0.24451178312301636,0.5916092991828918,0.3092123568058014,0.6004812121391296,0.35787978768348694,0.629725992679596,0.3897380828857422,0.6737265586853027,0.38914406299591064,0.6914594769477844,0.3537701964378357,0.4852447807788849,0.3595407009124756,0.6319960355758667,0.35695701837539673,0.6615312099456787,0.35627102851867676,0.6341534852981567,0.29443860054016113,0.48686879873275757,0.30778178572654724,0.6524515748023987,0.309476375579834,0.6664578914642334,0.3097226619720459,0.6200206279754639,0.23832416534423828,0.5082999467849731,0.25277191400527954,0.6535110473632812,0.2594297528266907,0.6579789519309998,0.2601986229419708,0.611219048500061,0.19022691249847412,0.5381767749786377,0.2024088352918625,0.6509543657302856,0.2131156176328659,0.656475305557251,0.21407097578048706,0.6261327266693115
cheers,0.25078344345092773,0.5026583075523376,0.3099414110183716,0.49887537956237793,0.35489621758461,0.5097010731697083,0.38291576504707336,0.542517900466919,0.4022783935070038,0.5654138326644897,0.3714831471443176,0.4298604726791382,0.3731682300567627,0.5204007029533386,0.37181517481803894,0.5530107617378235,0.37506717443466187,0.5530785322189331,0.3201782703399658,0.42541858553886414,0.3214002847671509,0.5668321847915649,0.3245827257633209,0.5861079692840576,0.33003994822502136,0.5646718144416809,0.2685971260070801,0.4400023818016052,0.273538738489151,0.5650402307510376,0.2811885178089142,0.5776585340499878,0.2865598201751709,0.5571975708007812,0.22148939967155457,0.46135714650154114,0.22903186082839966,0.5574617385864258,0.24039149284362793,0.5732239484786987,0.24740779399871826,0.5631273984909058
cheers,0.19046935439109802,0.47221577167510986,0.2512834370136261,0.4811174273490906,0.30166831612586975,0.5019295811653137,0.3307054042816162,0.5306116938591003,0.3458768129348755,0.5585177540779114,0.32895559072494507,0.43053245544433594,0.32999759912490845,0.5338097810745239,0.32032063603401184,0.5616850852966309,0.319532573223114,0.5595029592514038,0.2823641002178192,0.4186341166496277,0.27834558486938477,0.5474157333374023,0.27332720160484314,0.5829046964645386,0.2775764465332031,0.5891668200492859,0.23258833587169647,0.4244169592857361,0.22874799370765686,0.5413938760757446,0.22976377606391907,0.5793800354003906,0.23519276082515717,0.5895770192146301,0.18595704436302185,0.44021180272102356,0.18610936403274536,0.5321202874183655,0.19103559851646423,0.5665930509567261,0.19685854017734528,0.581226646900177
cheers,0.8093336820602417,0.7064604759216309,0.7398066520690918,0.7278169393539429,0.6843119859695435,0.7594563961029053,0.6581159234046936,0.8040460348129272,0.6759479641914368,0.8247063159942627,0.6595876216888428,0.5995525121688843,0.6569715142250061,0.7375569343566895,0.6818619966506958,0.7586858868598938,0.6872735619544983,0.7227600812911987,0.7173426151275635,0.5855329036712646,0.7134328484535217,0.7487680912017822,0.726263701915741,0.7515599727630615,0.7231400012969971,0.7066507935523987,0.7774733304977417,0.5964932441711426,0.7692644000053406,0.7487939596176147,0.773566484451294,0.7478036880493164,0.7712573409080505,0.7069770693778992,0.8297792077064514,0.6181618571281433,0.818579912185669,0.7334531545639038,0.8182353377342224,0.7262195348739624,0.8158674240112305,0.6858718991279602
cheers,0.6194311380386353,0.5779885053634644,0.5642780065536499,0.5833595395088196,0.5058183670043945,0.5760234594345093,0.4681239426136017,0.5718576312065125,0.4673711061477661,0.558697521686554,0.5135797262191772,0.449489563703537,0.518054187297821,0.5552456378936768,0.5247260332107544,0.5951400995254517,0.527533769607544,0.575369119644165,0.5717629194259644,0.4356403052806854,0.5825439095497131,0.5893899202346802,0.5793219208717346,0.606499195098877,0.5719467401504517,0.5675662159919739,0.6289114952087402,0.44526806473731995,0.6337272524833679,0.5942234992980957,0.6257134079933167,0.6057848334312439,0.6174563765525818,0.5693919062614441,0.6769055128097534,0.463836669921875,0.6748865842819214,0.5793425440788269,0.6652123928070068,0.5937986373901367,0.6588684916496277,0.5686336159706116
cheers,0.7216531038284302,0.5840354561805725,0.6417531967163086,0.5992926955223083,0.5774266123771667,0.6251702904701233,0.534979522228241,0.6639702320098877,0.5354442596435547,0.6834883689880371,0.5404811501502991,0.4402707517147064,0.5372533798217773,0.6022217273712158,0.5660194158554077,0.6208628416061401,0.572111189365387,0.5773323178291321,0.6026574969291687,0.42366552352905273,0.602008581161499,0.6140410900115967,0.6202336549758911,0.6146379113197327,0.6150831580162048,0.5622961521148682,0.6702563762664795,0.43536171317100525,0.6658728122711182,0.6197509169578552,0.6734305620193481,0.6167870759963989,0.6685537099838257,0.5718170404434204,0.7316128015518188,0.4634595215320587,0.7225971817970276,0.610319972038269,0.72344970703125,0.6013509035110474,0.7184286713600159,0.5551183819770813
cheers,0.6965978741645813,0.5007046461105347,0.6104629039764404,0.5297781229019165,0.5504260659217834,0.5686134099960327,0.5122619271278381,0.6211574077606201,0.5031623244285583,0.6548768877983093,0.5150096416473389,0.38839444518089294,0.505307137966156,0.5505306720733643,0.5385631322860718,0.5663973093032837,0.5455020666122437,0.5261366367340088,0.5760812163352966,0.3724774420261383,0.5703514218330383,0.5666117668151855,0.5904687643051147,0.5635170936584473,0.5879974961280823,0.5157644152641296,0.6415300369262695,0.3853555917739868,0.6348365545272827,0.5699191093444824,0.6437342166900635,0.5627713799476624,0.6426787972450256,0.5198801755905151,0.7013841867446899,0.4140585660934448,0.6923706531524658,0.5580201148986816,0.6938519477844238,0.5469520092010498,0.6920856833457947,0.5026934146881104
perfect,0.7238746881484985,0.763505220413208,0.6727940440177917,0.6977511644363403,0.6382291913032532,0.6239676475524902,0.6083949208259583,0.5757868885993958,0.5940485000610352,0.5243985652923584,0.6990700364112854,0.5187957882881165,0.6620408892631531,0.4639984965324402,0.6288658380508423,0.4826931357383728,0.6090204119682312,0.5132266879081726,0.7222424745559692,0.5089571475982666,0.7135768532752991,0.4130198657512665,0.6868136525154114,0.3629849851131439,0.6592860221862793,0.3295746445655823,0.750718891620636,0.5240239500999451,0.7472997307777405,0.42580658197402954,0.7230111956596375,0.3693860173225403,0.6943536400794983,0.3292253017425537,0.7741637825965881,0.5574151873588562,0.7833107113838196,0.4813036620616913,0.7702035903930664,0.43057161569595337,0.7486902475357056,0.3891527056694031
perfect,0.6797822117805481,0.7114027738571167,0.6217086911201477,0.6688915491104126,0.5754308700561523,0.6068283915519714,0.5395795106887817,0.5567816495895386,0.5211535692214966,0.49648624658584595,0.6234952211380005,0.47810348868370056,0.5964437127113342,0.42133766412734985,0.573562741279602,0.43337079882621765,0.5588700175285339,0.45451247692108154,0.6536745429039001,0.46012115478515625,0.6346494555473328,0.36703240871429443,0.6123003959655762,0.31587737798690796,0.588196337223053,0.2732924818992615,0.6903334856033325,0.4673950672149658,0.6769063472747803,0.36967408657073975,0.6582468152046204,0.30960899591445923,0.6356385350227356,0.2556280791759491,0.7277511954307556,0.49478235840797424,0.7298600077629089,0.41169264912605286,0.7273162007331848,0.35829877853393555,0.7188045978546143,0.30792418122291565
perfect,0.660790205001831,0.7037577033042908,0.6051319241523743,0.6526830196380615,0.5661263465881348,0.5777491331100464,0.5355662107467651,0.5272552967071533,0.514051079750061,0.47459155321121216,0.6168332695960999,0.46263736486434937,0.5876335501670837,0.4019256830215454,0.56026691198349,0.4265282452106476,0.5436092615127563,0.46169695258140564,0.6436813473701477,0.45222043991088867,0.6321982145309448,0.35622939467430115,0.6101115942001343,0.3048715591430664,0.5877646207809448,0.2662293612957001,0.6746017932891846,0.46534493565559387,0.667151927947998,0.36371225118637085,0.6487880945205688,0.30308401584625244,0.6288439035415649,0.2535056471824646,0.7032569050788879,0.4964050352573395,0.704827606678009,0.41159579157829285,0.6989229917526245,0.3560909330844879,0.6890162825584412,0.30671417713165283
perfect,0.7905107736587524,0.8352171778678894,0.7266638875007629,0.7975550889968872,0.6728894114494324,0.7324243783950806,0.6363292336463928,0.6857184767723083,0.6053014993667603,0.6359479427337646,0.7013328075408936,0.6053093671798706,0.6630070209503174,0.542611300945282,0.6377432346343994,0.5654410719871521,0.6237314343452454,0.6027119159698486,0.7335754632949829,0.585084080696106,0.7051005363464355,0.47939276695251465,0.6791666150093079,0.42418724298477173,0.6556336879730225,0.38312840461730957,0.7739858627319336,0.5915787816047668,0.7515905499458313,0.47925102710723877,0.7313578128814697,0.4116198420524597,0.7100707292556763,0.3526745140552521,0.8178417086601257,0.6212456822395325,0.8121864199638367,0.5347698926925659,0.803870439529419,0.47753816843032837,0.7911943793296814,0.4253154993057251
perfect,0.707581639289856,0.7626243829727173,0.651949405670166,0.6999351978302002,0.6137300729751587,0.6142579317092896,0.5837017297744751,0.556694507598877,0.5653547644615173,0.5029294490814209,0.6624616384506226,0.505358099937439,0.6338766813278198,0.43113356828689575,0.6092568635940552,0.45946210622787476,0.5964895486831665,0.49948957562446594,0.6922590136528015,0.49567660689353943,0.674938440322876,0.39440396428108215,0.6522535085678101,0.3396167755126953,0.631464958190918,0.29598164558410645,0.7276018261909485,0.5107013583183289,0.7159594893455505,0.40490663051605225,0.6980915665626526,0.34251514077186584,0.6799690127372742,0.2881598472595215,0.7619765996932983,0.5473234057426453,0.7610236406326294,0.4613158106803894,0.7531881928443909,0.4038049280643463,0.7427655458450317,0.34999409317970276
perfect,0.6928871870040894,0.7330234050750732,0.6302754878997803,0.6643764972686768,0.5930820107460022,0.5945108532905579,0.5593482255935669,0.5509598255157471,0.536201000213623,0.4969460368156433,0.6536492109298706,0.47154343128204346,0.6222976446151733,0.41529595851898193,0.5887688398361206,0.4474012553691864,0.5705233216285706,0.48800820112228394,0.6766893267631531,0.4592519998550415,0.6698983311653137,0.3557598888874054,0.6457387804985046,0.29267895221710205,0.62354576587677,0.2430439591407776,0.7038801908493042,0.47219914197921753,0.7047536969184875,0.36034920811653137,0.6906429529190063,0.2860700190067291,0.6761825084686279,0.22885584831237793,0.7249090671539307,0.5009685754776001,0.7340351939201355,0.41107821464538574,0.7297707796096802,0.34325921535491943,0.7225134372711182,0.2839730381965637
perfect,0.7084740996360779,0.8084105253219604,0.644170343875885,0.724412202835083,0.6049408912658691,0.633657693862915,0.5670257806777954,0.575116753578186,0.532546877861023,0.5166571736335754,0.6805849671363831,0.5017944574356079,0.6349572539329529,0.4349408447742462,0.5922657251358032,0.46639731526374817,0.5675160884857178,0.5096406936645508,0.7061055302619934,0.49451690912246704,0.7001873850822449,0.37077832221984863,0.6780112981796265,0.2987029552459717,0.6563102602958679,0.24019286036491394,0.7368044853210449,0.5161706209182739,0.7369255423545837,0.38479477167129517,0.7255035638809204,0.3036726117134094,0.7112422585487366,0.23876675963401794,0.7586685419082642,0.5568079948425293,0.7674956321716309,0.45545464754104614,0.7660471796989441,0.3821074366569519,0.7610187530517578,0.3178943991661072
perfect,0.6954550743103027,0.861871063709259,0.6238828897476196,0.7871354818344116,0.5768501162528992,0.6972264051437378,0.5393893122673035,0.6417080760002136,0.5077513456344604,0.5800920724868774,0.634857714176178,0.5584700703620911,0.5912790298461914,0.4886881709098816,0.5539215803146362,0.524351954460144,0.5315481424331665,0.5698153972625732,0.6614828705787659,0.5472158193588257,0.6469734311103821,0.4234684705734253,0.618757963180542,0.3495006263256073,0.5934652090072632,0.28589296340942383,0.6917608976364136,0.566264271736145,0.6813258528709412,0.43501079082489014,0.661121129989624,0.3491651713848114,0.642206072807312,0.2761686146259308,0.7165101170539856,0.6060568690299988,0.708145797252655,0.506104588508606,0.6954599618911743,0.43291521072387695,0.6807982921600342,0.3673473596572876
perfect,0.7841272354125977,0.9048740863800049,0.7064304947853088,0.8558476567268372,0.6517826318740845,0.7777664065361023,0.6147046089172363,0.7257623076438904,0.5791187286376953,0.6794631481170654,0.6863455176353455,0.6464842557907104,0.6480904817581177,0.5753926038742065,0.620294988155365,0.606904149055481,0.6049309968948364,0.6507949233055115,0.7171636819839478,0.6324555277824402,0.6911889910697937,0.526184618473053,0.6641977429389954,0.4687313735485077,0.640691339969635,0.42528921365737915,0.7557793855667114,0.6452091932296753,0.738386869430542,0.5375752449035645,0.7189472317695618,0.47438639402389526,0.7010861039161682,0.4209517240524292,0.795688271522522,0.6791221499443054,0.7972122430801392,0.589928925037384,0.7945789098739624,0.5306962728500366,0.7906537055969238,0.47445255517959595
perfect,0.7915897369384766,0.8523533344268799,0.7246755361557007,0.8096909523010254,0.669461727142334,0.7421753406524658,0.6285113096237183,0.6934235095977783,0.5971364378929138,0.6384497880935669,0.7005462050437927,0.6013168692588806,0.6583949327468872,0.5367377400398254,0.6284595131874084,0.5664619207382202,0.6137771606445312,0.6080431342124939,0.7378985285758972,0.5786030292510986,0.716356098651886,0.46727216243743896,0.6930688619613647,0.4040289521217346,0.6714652180671692,0.354810506105423,0.7824611067771912,0.5842661261558533,0.7669685482978821,0.4709175229072571,0.7495990991592407,0.4030725657939911,0.7314925193786621,0.34491291642189026,0.8286499977111816,0.6157482266426086,0.8289415240287781,0.5272451639175415,0.8242951035499573,0.46599823236465454,0.8167915940284729,0.4095890522003174
perfect,0.3362696170806885,0.7051953673362732,0.398852676153183,0.6583842635154724,0.445564329624176,0.6067748665809631,0.4914105236530304,0.5781033039093018,0.5322887897491455,0.546490490436554,0.4115352928638458,0.494152307510376,0.4613725244998932,0.45132291316986084,0.4928847551345825,0.480572372674942,0.5129607319831848,0.5199546813964844,0.38939663767814636,0.48422202467918396,0.41135263442993164,0.38987377285957336,0.447359174489975,0.34767669439315796,0.48235252499580383,0.3225296437740326,0.36385709047317505,0.5012789964675903,0.37145882844924927,0.4072113037109375,0.3984837532043457,0.3564119338989258,0.42886999249458313,0.3232400417327881,0.340841144323349,0.5343122482299805,0.33947619795799255,0.459956556558609,0.35722512006759644,0.41204485297203064,0.38129234313964844,0.37809669971466064
perfect,0.2693975567817688,0.5916822552680969,0.32723528146743774,0.5512182712554932,0.3707199692726135,0.5058938264846802,0.4080653190612793,0.47752881050109863,0.4397673010826111,0.44527649879455566,0.33802899718284607,0.3925112187862396,0.3831573724746704,0.34837162494659424,0.41221076250076294,0.37084582448005676,0.4271804094314575,0.40327709913253784,0.32124751806259155,0.3808054029941559,0.3487257659435272,0.2928697466850281,0.3863738775253296,0.249994695186615,0.4188288748264313,0.22204484045505524,0.3008795976638794,0.39069753885269165,0.3115135133266449,0.29992955923080444,0.34211811423301697,0.25213944911956787,0.3721473217010498,0.21978722512722015,0.2828986942768097,0.4165622591972351,0.28229251503944397,0.34485185146331787,0.30241677165031433,0.3047851026058197,0.3271576464176178,0.27760612964630127
perfect,0.28735852241516113,0.6222867965698242,0.34558364748954773,0.5910072922706604,0.39530715346336365,0.555221438407898,0.4398995637893677,0.5441414713859558,0.47922977805137634,0.5254970788955688,0.37808799743652344,0.428124338388443,0.43883126974105835,0.39958083629608154,0.4602944850921631,0.44517335295677185,0.4636302888393402,0.4922165870666504,0.3555143177509308,0.40969565510749817,0.3967084586620331,0.3223100006580353,0.4378657937049866,0.28402528166770935,0.4715925455093384,0.25420060753822327,0.3225450813770294,0.4169253706932068,0.3417903482913971,0.31545475125312805,0.3709782063961029,0.256424218416214,0.3988661468029022,0.2066185027360916,0.2866230010986328,0.44389721751213074,0.29009926319122314,0.3623872399330139,0.3032703995704651,0.3055379390716553,0.3190423250198364,0.25353848934173584
perfect,0.2800348103046417,0.6332568526268005,0.34230273962020874,0.5908106565475464,0.39416342973709106,0.5440775156021118,0.44141340255737305,0.5233234763145447,0.4781193137168884,0.48814502358436584,0.3622922897338867,0.41465044021606445,0.41967523097991943,0.37221798300743103,0.44892433285713196,0.4094272255897522,0.4635440409183502,0.45428267121315,0.3427239954471588,0.39916154742240906,0.3821900486946106,0.30516406893730164,0.4261210262775421,0.26483747363090515,0.4657914340496063,0.23965580761432648,0.31420254707336426,0.4088412821292877,0.34039127826690674,0.3060299754142761,0.37745237350463867,0.24963554739952087,0.4143936336040497,0.20573322474956512,0.2847835123538971,0.4381106197834015,0.2899802029132843,0.3570113778114319,0.3083203434944153,0.30002713203430176,0.33156710863113403,0.25163984298706055
perfect,0.23438811302185059,0.6549074053764343,0.29039791226387024,0.639400064945221,0.33949023485183716,0.6154657006263733,0.380569189786911,0.607634961605072,0.41163522005081177,0.5921536087989807,0.3414386510848999,0.497708261013031,0.39452701807022095,0.48030853271484375,0.40404394268989563,0.5268400311470032,0.39795786142349243,0.569838285446167,0.3189099133014679,0.4672372341156006,0.3668321967124939,0.38534295558929443,0.39863526821136475,0.3376316726207733,0.4228650629520416,0.29398053884506226,0.2846064269542694,0.4594111144542694,0.30859309434890747,0.3700476288795471,0.3316032290458679,0.3184133768081665,0.35402557253837585,0.2726958394050598,0.2441454529762268,0.4713752865791321,0.25228336453437805,0.39832186698913574,0.26367437839508057,0.35221362113952637,0.27877911925315857,0.3095915913581848
perfect,0.2730485200881958,0.7161718010902405,0.3236762583255768,0.6744047999382019,0.361987829208374,0.626767635345459,0.3939463198184967,0.5904695987701416,0.42208319902420044,0.5531401634216309,0.3365873396396637,0.5198307037353516,0.37398985028266907,0.46198001503944397,0.3947080075740814,0.48952850699424744,0.4032386839389801,0.5277279019355774,0.3081875741481781,0.5042995810508728,0.33293506503105164,0.4120343029499054,0.35383570194244385,0.3588089346885681,0.3698221445083618,0.3140581250190735,0.2751690149307251,0.5105289220809937,0.28217872977256775,0.41918301582336426,0.29463130235671997,0.36090731620788574,0.30789342522621155,0.3114392161369324,0.24032384157180786,0.5343399047851562,0.23895153403282166,0.4624606668949127,0.24286627769470215,0.41243478655815125,0.2498493492603302,0.36589765548706055
perfect,0.26449698209762573,0.7219182252883911,0.3189900815486908,0.6867070198059082,0.3607586920261383,0.6480389833450317,0.39728856086730957,0.6206547021865845,0.4236213266849518,0.5870437622070312,0.34372955560684204,0.538532018661499,0.3847731351852417,0.49005380272865295,0.4023910462856293,0.52216637134552,0.4077393412590027,0.5616322755813599,0.3162723183631897,0.5198814272880554,0.34641656279563904,0.43437913060188293,0.3733402490615845,0.38780397176742554,0.3961307406425476,0.3484509587287903,0.28255781531333923,0.5235778093338013,0.29983848333358765,0.4367930293083191,0.3202792704105377,0.3848015069961548,0.3409774899482727,0.34027719497680664,0.24580898880958557,0.5445674061775208,0.2519042193889618,0.4747130870819092,0.2620612680912018,0.4267461597919464,0.2751413583755493,0.3822648525238037
perfect,0.2631050944328308,0.7320294380187988,0.31768032908439636,0.6980096697807312,0.3586902618408203,0.655917227268219,0.3945174217224121,0.622078537940979,0.423589289188385,0.5863825082778931,0.34497296810150146,0.5579568147659302,0.38154441118240356,0.5082593560218811,0.39954882860183716,0.5281224250793457,0.40814951062202454,0.5579088926315308,0.3224242925643921,0.5362521409988403,0.35405585169792175,0.4611399471759796,0.38155364990234375,0.42621850967407227,0.40668779611587524,0.399967223405838,0.2932136058807373,0.5327648520469666,0.31734517216682434,0.45684126019477844,0.3416953384876251,0.4111253023147583,0.36665526032447815,0.3744860291481018,0.2591508626937866,0.5433138012886047,0.2739236056804657,0.4811961054801941,0.2890929579734802,0.43888360261917114,0.30728042125701904,0.4000389575958252
perfect,0.3236227035522461,0.7639620304107666,0.3707006871700287,0.7242007255554199,0.4078672528266907,0.680372953414917,0.43937623500823975,0.6450724601745605,0.45409947633743286,0.6071694493293762,0.36546850204467773,0.570938229560852,0.406404584646225,0.5250036120414734,0.4295862317085266,0.5523279905319214,0.43696707487106323,0.5887978076934814,0.3332504332065582,0.5548623204231262,0.3403446078300476,0.45696935057640076,0.3468894064426422,0.399337500333786,0.348488450050354,0.35228824615478516,0.3007774353027344,0.5648881196975708,0.29056867957115173,0.4778430461883545,0.29005229473114014,0.42350393533706665,0.28996965289115906,0.37742897868156433,0.27094417810440063,0.594780683517456,0.25620758533477783,0.5273394584655762,0.24901731312274933,0.4834093153476715,0.2437978833913803,0.44256705045700073
perfect,0.2469763606786728,0.758274257183075,0.2993028163909912,0.7222268581390381,0.3398151993751526,0.6805884838104248,0.3768325448036194,0.6521317958831787,0.4063555896282196,0.6217612028121948,0.32252487540245056,0.5734575390815735,0.3682122528553009,0.5242229104042053,0.3868512809276581,0.5539013743400574,0.3925970792770386,0.5913304686546326,0.2940497100353241,0.5510734915733337,0.3257404565811157,0.4629663825035095,0.3500749170780182,0.4127665162086487,0.37016919255256653,0.3681734502315521,0.2595709264278412,0.5516058802604675,0.27313706278800964,0.4631268382072449,0.2891443073749542,0.4078812003135681,0.30644455552101135,0.3591516613960266,0.2219231128692627,0.5706934332847595,0.2244250774383545,0.49967485666275024,0.23101383447647095,0.45160555839538574,0.24119417369365692,0.40659207105636597
